,id,name,prod_cat,priceCurrency,price,brand,itemCondition,availability,description,image,gtin12,gtin13,gtin14,gtin8,ratingValue,bestRating,reviewCount
0,pictureline-00580d74806c2474659d8f3af08f699e,Nikon Coolpix W300 Digital Camera (Orange),,USD,38995,Nikon,,True,,//cdn.shopify.com/s/files/1/0750/1017/products/W300_OR_front_lo_grande.jpg?v=1499893133,018208265244,,,,0,5,0
1,pictureline-066ed31e8a25a41853dc324dc41de753,Fujifilm INSTAX Mini 70 Instant Film Camera (Stardust Gold),,USD,11995,Fujifilm,,True,,//cdn.shopify.com/s/files/1/0750/1017/products/mini70_GOLD_Front_grande.jpg?v=1480704218,07410129048,,,,0,5,0
2,pictureline-06a542fac22e4b6e5d2f75a0cb0c82e1,Canon PowerShot G9X Mark II Digital Camera (Silver),,USD,52999,Canon,,True,,//cdn.shopify.com/s/files/1/0750/1017/products/LR_G9X_MARKII_SILVER_FRONT_CL_grande.jpg?v=1483652107,013803284942,,,,0,5,0
3,pictureline-0e9b7ea71737bbb76d343f41dfbc5b97,Hasselblad H6D-50c Medium Format Digital Camera Body,,USD,1449500,Hasselblad,,False,,//cdn.shopify.com/s/files/1/0750/1017/products/Screen_Shot_2016-04-11_at_4.48.27_PM_grande.png?v=1460415567,7392544137452,,,,0,5,0
4,pictureline-0f6c584e57ec70729d68590624408b2e,Leica M10 Digital Camera (Silver),,USD,689500,Leica,,False,,//cdn.shopify.com/s/files/1/0750/1017/products/20001_Leica_M10_silver_without_lens_front_RGB_grande.jpg?v=1485556669,4022243200012,,,,0,5,0
5,pictureline-11e91029a935a63c39f15d2eef77ab57,Panasonic Lumix DMC-FZ1000 Digital Camera,,USD,59799,Panasonic,,True,,//cdn.shopify.com/s/files/1/0750/1017/products/fz1000_slant_lcd_700_grande.png?v=1477677445,885170188235,,,,0,5,0
6,pictureline-1226d76d248e386271a6aa6895fa23a5,Nikon D7500 DSLR Camera with 18-140mm VR DX Lens,,USD,154695,Nikon,,True,,//cdn.shopify.com/s/files/1/0750/1017/products/D7500_18_140_front_grande.jpg?v=1492443876,018208015825,,,,0,5,0
7,pictureline-137a8fe725d5b45b5961a53c8155d99c,Sony Alpha a6500 Mirrorless Digital Camera Body,,USD,139800,Sony,,False,,//cdn.shopify.com/s/files/1/0750/1017/products/ILCE-6500_front_jpg_grande.jpg?v=1499117005,027242895706,,,,0,5,0
8,pictureline-142f82281091e3bfda0379c82da2fb84,Panasonic Lumix DMC-LX100 Digital Camera Black,,USD,64799,Panasonic,,False,,//cdn.shopify.com/s/files/1/0750/1017/products/LX100k_front-500_grande.png?v=1477677860,885170226722,,,,0,5,0
9,pictureline-171435a1606a7c809ffb6d24da2af059,Nikon D810 Digital SLR with 24-120mm f/4 VR Lens,,USD,329695,Nikon,,True,,//cdn.shopify.com/s/files/1/0750/1017/products/1542_D810_front_grande.png?v=1514912378,018208015566,,,,0,5,0
10,pictureline-18096c885c7fdae37d0541ac8cfabc1e,Nikon D5600 DX Digital SLR Camera w/ 18-55mm DX VR II Lens Black,,USD,74695,Nikon,,True,,//cdn.shopify.com/s/files/1/0750/1017/products/18-55_d5600_grande.jpg?v=1483563092,018208015764,,,,0,5,0
11,pictureline-1940ddae0770de6d84ca1a4e61db4fe3,Panasonic Lumix DMC-LX100 Digital Camera Silver,,USD,64799,Panasonic,,False,,//cdn.shopify.com/s/files/1/0750/1017/products/panasonic_dmc_lx100s_lumix_dmc_lx100_digital_camera_1082467_grande.jpeg?v=1477677784,885170226739,,,,0,5,0
12,pictureline-247ed7db3dc98b290c4b9f54a1886248,Panasonic Lumix DMC-G7 Mirrorless Digital Camera with 14-140mm Lens (Black),,USD,109799,Panasonic,,True,,//cdn.shopify.com/s/files/1/0750/1017/products/G7_k_front_H_FS14140-KA_grande.jpeg?v=1477677613,885170254091,,,,0,5,0
13,pictureline-2c38a4c4bd9b9e711e8cd336c3e4bacf,Nikon D5 FX-Format Digital SLR Camera Body (XQD Version),,USD,649695,Nikon,,True,,//cdn.shopify.com/s/files/1/0750/1017/products/product_01_01_grande.png?v=1462213304,018208015573,,,,0,5,0
14,pictureline-2d16295af7aaa3ed9b6255ee9b7d0ac3,Panasonic Lumix DMC-GX85 Mirrorless Micro Four Thirds Camera w/12-32mm Lens (Black),,USD,59799,Panasonic,,False,,//cdn.shopify.com/s/files/1/0750/1017/products/gx85-2_grande.jpg?v=1477677684,885170285316,,,,5,5,1
15,pictureline-2d48b4a7edd52f366b3ef1e3d611bc66,Canon EOS 77D DSLR Camera with 18-55mm IS STM Lens,,USD,94999,Canon,,True,,//cdn.shopify.com/s/files/1/0750/1017/products/HR_77D_EFS18-55_IS_STM_TOPFRONT_CL_grande.jpg?v=1487369123,013803292916,,,,0,5,0
16,pictureline-2d5662f6d716478e6bd7040276136fab,Panasonic Lumix DMC-GH5 Digital Camera with Leica 12-60mm Lens Kit,,USD,239999,Panasonic,,True,,//cdn.shopify.com/s/files/1/0750/1017/products/1_LUMIX_GH5_GH5LK_grande.jpg?v=1501188560,885170307117,,,,0,5,0
17,pictureline-2d679b2c2d379728a431d993caff18c7,Nikon Coolpix A900 Digital Camera (Black),,USD,39995,Nikon,,False,,//cdn.shopify.com/s/files/1/0750/1017/products/26501_A900_front_grande.png?v=1481923543,018208265015,,,,0,5,0
18,pictureline-2feadef92c1719dced10a010aa398aa0,Nikon D810 SLR Digital Camera Body,,USD,279695,Nikon,,True,,//cdn.shopify.com/s/files/1/0750/1017/products/d810_bf1b_front_2_grande.jpeg?v=1514912387,018208015429,,,,4,5,0
19,pictureline-312656faaf8508d350bb6d36460c61cb,Leica M-D (Typ 262) Digital Camera Body,,USD,599500,Leica,,False,,//cdn.shopify.com/s/files/1/0750/1017/products/Leica_M-D_front_1024x1024_7097854f-8a17-4d40-9029-42fe1fbfe3c6_grande.jpg?v=1462385228,,,,,0,5,0
20,pictureline-321a3c5f74212752a4d051184ba76e2a,Fujifilm X100F Digital Camera (Black),,USD,129900,Fujifilm,,False,,//cdn.shopify.com/s/files/1/0750/1017/products/X100F_Black_Front_grande.jpg?v=1484780926,074101031331,,,,3,5,1
21,pictureline-32eb2a85896267ca1cba5cdab588ac55,Panasonic Lumix DMC-LX10 Digital Camera,,USD,54799,Panasonic,,True,,//cdn.shopify.com/s/files/1/0750/1017/products/DMC-LX10K_ALT01_grande.jpeg?v=1484586751,885170291843,,,,0,5,0
22,pictureline-337127e3c2d8878f086836cc6ec30649,Nikon D610 Digital SLR with 28-300mm VR Nikkor Lens,,USD,244695,Nikon,,False,,//cdn.shopify.com/s/files/1/0750/1017/products/d610_28_300_front.high_grande.jpeg?v=1449619399,018208133048,,,,0,5,0
23,pictureline-35b7afb1e012906825f98d5f6920c63e,Fujifilm INSTAX Mini 9 Instant Film Camera (Lime Green),,USD,6999,Fujifilm,,True,,//cdn.shopify.com/s/files/1/0750/1017/products/mini9_camera_lime_grande2_grande.jpg?v=1497548422,074101033120,,,,0,5,0
24,pictureline-3bb769c4bf0e584423e0e1e86f55c9b9,Fujifilm X-T10 Kit w/XC 16-50mm & XC 50-230mm Lens (Black),,USD,109995,Fujifilm,,False,,//cdn.shopify.com/s/files/1/0750/1017/products/X-T10_front__black16-50mmII_grande.jpg?v=1480721145,074101026740,,,,0,5,0
25,pictureline-3caed25b3df9c0416ac1082329be3f7c,Fujifilm X-E3 Digital Camera (Silver) w/XF 18-55mm Lens Kit,,USD,129995,Fujifilm,,True,,//cdn.shopify.com/s/files/1/0750/1017/products/X-E3_Silver_Front_XF18-55mmF2.8-4_grande.jpg?v=1507675352,074101034752,,,,0,5,0
26,pictureline-3dd4a1ce787535677ba02c0d9809402b,Fujifilm X-E3 Digital Camera Silver,,USD,89995,Fujifilm,,True,,//cdn.shopify.com/s/files/1/0750/1017/products/X-E3_Silver_Front_33b8c924-76a6-4324-ae1c-74e3ac953449_grande.jpg?v=1507675466,074101034738,,,,0,5,0
27,pictureline-3e098c9ca07b81aa82094f8dfa867bf6,Fujifilm INSTAX Mini 70 Instant Film Camera (Moon White),,USD,11995,Fujifilm,,True,,//cdn.shopify.com/s/files/1/0750/1017/products/Screen_Shot_2016-12-02_at_11.48.57_AM_grande.png?v=1480704564,4547410313826,,,,5,5,1
28,pictureline-3f3806e4f36031fd41d96aa69ac269e3,Fujifilm X-T2 Digital Camera w/ 18-55mm Lens Kit (Black),,USD,189900,Fujifilm,,True,,//cdn.shopify.com/s/files/1/0750/1017/products/X-T2_BK_18-55mm_front_White-216332_grande.jpg?v=1476995352,074101029505,,,,5,5,2
29,pictureline-404f09d5209a2bf091a02fb97f0ee733,Panasonic Lumix DMC-FZ300 Digital Camera,,USD,59799,Panasonic,,False,,//cdn.shopify.com/s/files/1/0750/1017/products/Screen_Shot_2015-10-29_at_2.41.40_PM_grande.png?v=1477677633,885170254374,,,,0,5,0
30,pictureline-40d8e3a1cffecd8671f0b3de56966bc2,Panasonic Lumix DC-ZS200 Digital Camera (Black),,USD,79799,Panasonic,,False,,//cdn.shopify.com/s/files/1/0750/1017/products/DC-ZS200K_ALT01_grande.jpg?v=1521647917,885170331907,,,,0,5,0
31,pictureline-41e3c800e3ca7602f4e6b13348150bb1,Fujifilm X-E2 Digital Camera Black,,USD,79995,Fujifilm,,False,,//cdn.shopify.com/s/files/1/0750/1017/products/fuji_1_xe2_black_1_grande.jpeg?v=1449615857,074101023435,,,,0,5,0
32,pictureline-43ba4573f3c862bc408e0650937f430c,Canon EOS 80D DSLR Camera (Body Only),,USD,99900,Canon,,True,,//cdn.shopify.com/s/files/1/0750/1017/products/80d-6_grande.png?v=1455814652,013803271829,,,,0,5,0
33,pictureline-43fec25ea9c2187250cfc0870b866606,Panasonic DMC-G85 Mirrorless Micro Fourth Thirds Camera with 12-60mm Lens,,USD,99799,Panasonic,,True,,//cdn.shopify.com/s/files/1/0750/1017/products/DMC-G85MK_ALT01_134e137a-297d-4c2f-bec1-c8a90eaa7aee_grande.jpg?v=1510338226,885170294646,,,,0,5,0
34,pictureline-44d91c0be6d73542426b261e062ae9e0,Canon EOS Rebel T6 18-55mm IS II Kit (Black),,USD,44999,Canon,,True,,//cdn.shopify.com/s/files/1/0750/1017/products/Screen_Shot_2016-03-10_at_2.11.53_PM_grande.png?v=1457644354,013803271348,,,,0,5,0
35,pictureline-44ecdffa894a47bfb697bc4046115f61,Panasonic Lumix DMC-G7 Mirrorless Digital Camera with 14-42mm Lens (Black),,USD,79799,Panasonic,,True,,//cdn.shopify.com/s/files/1/0750/1017/products/G7_k_front_H_FS1442A-KA_grande.jpeg?v=1477677579,885170250710,,,,0,5,0
36,pictureline-45000e6b87a89952bfc05449f77cfffb,Hasselblad X1D-50c Body (no lens) - 50MP Mirrorless camera body,,USD,899500,Hasselblad,,False,,//cdn.shopify.com/s/files/1/0750/1017/products/x1d-front_grande.jpg?v=1492442751,7392544139012,,,,1,5,0
37,pictureline-45db95ba834b5ae71fd0e92a695a9975,Sony Alpha a6300 Mirrorless Digital Camera Body,,USD,89800,Sony,,True,,//cdn.shopify.com/s/files/1/0750/1017/products/6300sensor_grande.png?v=1454964131,027242891012,,,,5,5,1
38,pictureline-4710ac0555294dde5954c378ad72c06b,Canon EOS Rebel T7i DSLR 18-55mm STM Camera Kit,,USD,84999,Canon,,True,,//cdn.shopify.com/s/files/1/0750/1017/products/HR_T7i_EFS18-55_IS_STM_TOPFRONT_CL_grande.jpg?v=1489533868,013803286519,,,,0,5,0
39,pictureline-4b1518b6bb17c67b033fbd76b56b03c2,Fujifilm X-H1 Digital Camera with VPB-XH1 Power Booster Grip Kit,,USD,219995,Fujifilm,,True,,//cdn.shopify.com/s/files/1/0750/1017/products/X-H1_Black_Front_VPB-XH1_XF18-55mm_grande.jpg?v=1520877170,,,,,0,5,0
40,pictureline-4bd2660944764c59656912e63b931fb3,Fujifilm INSTAX Mini 70 Instant Film Camera (Canary Yellow),,USD,11995,Fujifilm,,True,,//cdn.shopify.com/s/files/1/0750/1017/products/Screen_Shot_2016-12-02_at_11.50.31_AM_grande.png?v=1480704655,074101199048,,,,0,5,0
41,pictureline-4c480f3b96b96e3919ceec4a14369a00,Sony Alpha A7 III with FE 28-70mm f3.5-5.6 OSS Lens Kit,,USD,219800,Sony,,False,,//cdn.shopify.com/s/files/1/0750/1017/products/ILCE-7M3_FE2870_front_US_93efb9a6-b399-454c-8294-043f1b0090ad_grande.jpg?v=1520961885,027242910775,,,,0,5,0
42,pictureline-4d994dd957881585f673a3f8100d882b,Canon EOS 80D DSLR Camera with 18-135mm IS USM Lens,,USD,139900,Canon,,True,,//cdn.shopify.com/s/files/1/0750/1017/products/80d18-135mm_grande.png?v=1455918552,013803271843,,,,0,5,0
43,pictureline-4e025cdcb7d2f32a6440d40cebe650ef,Nikon D3400 DX-format Digital SLR Camera w/ 18-55mm DX G VR Zoom Lens Black,,USD,49695,Nikon,,True,,//cdn.shopify.com/s/files/1/0750/1017/products/D3400_BK_18_55_VR_front_grande.jpg?v=1471467185,018208015719,,,,0,5,0
44,pictureline-4fa457674528fa3b869fdb86d48b5ddd,Panasonic Lumix DMC-ZS100 Digital Camera (Black),,USD,54799,Panasonic,,True,,//cdn.shopify.com/s/files/1/0750/1017/products/01_TZ100_ZS100_k1-1470_grande.jpg?v=1477677845,885170282681,,,,0,5,0
45,pictureline-578c6feec67b593a1b3631b5ad234718,Sony Cyber-Shot DSC-HX80 Digital Camera,,USD,36800,Sony,,True,,//cdn.shopify.com/s/files/1/0750/1017/products/download-5_9ee79422-793c-476a-bbae-72f0194f08e7_grande.jpg?v=1501105510,027242899551,,,,5,5,1
46,pictureline-584ed65f665d22c14bb589dad46603ce,Canon EOS Rebel T7i DSLR Camera Body,,USD,74999,Canon,,False,,//cdn.shopify.com/s/files/1/0750/1017/products/HR_T7i_BODY_FRONT_CL_grande.jpg?v=1487201109,013803286496,,,,5,5,1
47,pictureline-59f514bc6f2e6d5c3b80b09eb6c9d6f1,Canon EOS Rebel T6 18-55mm + 75-300mm + Bag Kit,,USD,54999,Canon,,False,,//cdn.shopify.com/s/files/1/0750/1017/products/eos-rebel-double-zoom-lens-kit_1_xl_grande.jpg?v=1458333137,660685152731,,,,0,5,0
48,pictureline-5be0bedfc68edbb3f99a9176caccf65c,Fujifilm X-T2 Digital Camera Body (Graphite),,USD,179900,Fujifilm,,True,,//cdn.shopify.com/s/files/1/0750/1017/products/X-T2_Graphite_Silver_front_White_grande.jpg?v=1491249555,074101029819,,,,0,5,0
49,pictureline-5c37179a0a26e570f1c5a44e50fa360c,Canon EOS 5DS R Digital Camera Body,,USD,369900,Canon,,True,,//cdn.shopify.com/s/files/1/0750/1017/products/HR_5DS_R_BODY_FRONT_DOWN_CL_1024x1024_d6f2bb7c-f285-4558-8347-122ebcbb1507_grande.jpeg?v=1449614543,013803256963,,,,0,5,0
50,pictureline-5cad53455691f5471b17f292ae5033d0,Nikon D7500 DSLR Camera with 16-80mm Lens,,USD,184695,Nikon,,True,,//cdn.shopify.com/s/files/1/0750/1017/products/13535-D7500_grande.jpg?v=1510004767,018208015825,,,,0,5,0
51,pictureline-5dbee35088c6f312c874ba9038ab7ba9,Panasonic Lumix DC-GX9 Mirrorless Micro Four Thirds Digital Camera w/ 12-60mm Lens (Black),,USD,99799,Panasonic,,False,,//cdn.shopify.com/s/files/1/0750/1017/products/GX9_MKIT_front_K_grande.jpg?v=1521820631,,,,,0,5,0
52,pictureline-61378ba975db4e71f92348678cfd4b17,Nikon D5600 DSLR Camera with 18-140mm VR DX Lens,,USD,94695,Nikon,,True,,//cdn.shopify.com/s/files/1/0750/1017/products/18-140_d5600_grande.jpg?v=1483563454,018208015771,,,,0,5,0
53,pictureline-630fdfd9b6db68d44d6d47420ea2fcd0,Panasonic Lumix G9 Digital Camera Body,,USD,169799,Panasonic,,False,,//cdn.shopify.com/s/files/1/0750/1017/products/Panasonic-LUMIX-G9-G9KBODY-01--NEW_grande.jpg?v=1510182539,885170328679,,,,0,5,0
54,pictureline-6392bc4288737b03d021f4900f73ceb3,Nikon D750 DSLR Camera with 24-120mm Lens,,USD,229695,Nikon,,True,,//cdn.shopify.com/s/files/1/0750/1017/products/nikon_d750_24120_grande.jpeg?v=1514912343,018208015498,,,,5,5,1
55,pictureline-64f499f5a0248f48b66538a306504a76,Fujifilm X-T20 Body with XF 18-55mm Lens Kit (Black),,USD,119900,Fujifilm,,True,,//cdn.shopify.com/s/files/1/0750/1017/products/X-T20_Black_FrontUP_XF18-55mm_grande.jpg?v=1484778700,074101032260,,,,0,5,0
56,pictureline-6696836fa4322f83eec978ee2f3e9093,Nikon D610 Digital SLR with 24-85mm VR Nikkor Lens,,USD,199695,Nikon,,True,,//cdn.shopify.com/s/files/1/0750/1017/products/d610_24_85_fronttop.high_grande.jpeg?v=1449619387,018208133055,,,,0,5,0
57,pictureline-6819b8eb2d3f101e315c385b579ca10d,"Panasonic V-Log L Function Activation Code for Lumix GH4, GH5",,USD,9799,Panasonic,,True,,//cdn.shopify.com/s/files/1/0750/1017/products/VLOG_L_MAIN_IMAGE_grande.jpg?v=1449620160,885170264052,,,,0,5,0
58,pictureline-6960ad4c648d0ed0146b4c71731e3d2b,Nikon D5600 DX Digital SLR Camera (Body Only),,USD,64695,Nikon,,False,,//cdn.shopify.com/s/files/1/0750/1017/products/frontd5600_grande.jpg?v=1483658842,018208015757,,,,0,5,0
59,pictureline-6b11351a18f6537ad03ff7c68e969301,Fujifilm X-E2s Digital Camera Body (Silver),,USD,69995,Fujifilm,,False,,//cdn.shopify.com/s/files/1/0750/1017/products/Screen_Shot_2016-02-16_at_1.15.51_PM_grande.png?v=1455653935,074101027648,,,,0,5,0
60,pictureline-6bc9381d89c9f6b04f6dab8aea867d51,Nikon D3400 Digital SLR Camera 2 Lens Kit (18-55mm 70-300mm),,USD,59695,Nikon,,True,,//cdn.shopify.com/s/files/1/0750/1017/products/D3400_BK_DoubleZoom_3_grande.jpg?v=1471468292,018208015733,,,,0,5,0
61,pictureline-6cfdf2de4937322ea32b2aa4641961c3,Fujifilm INSTAX Mini 70 Instant Film Camera (Island Blue),,USD,11995,Fujifilm,,False,,//cdn.shopify.com/s/files/1/0750/1017/products/Screen_Shot_2016-12-02_at_11.49.42_AM_grande.png?v=1480704608,074101199055,,,,0,5,0
62,pictureline-712b337bee5ed7a66a16cc98c340aee8,Canon Powershot G1X Mark III Digital Camera,,USD,129999,Canon,,True,,//cdn.shopify.com/s/files/1/0750/1017/products/HR_G1X_MARKIII_BLACK_FRONT_CL_grande.jpg?v=1508272296,013803295597,,,,0,5,0
63,pictureline-729b396d4a06344352e8b6627a7cb404,Canon EOS Rebel T6s 18-135 STM Camera Kit,,USD,119900,Canon,,True,,//cdn.shopify.com/s/files/1/0750/1017/products/HR_T6s_EFS18-135_IS_STM_FRONT_CL_1_1024x1024_81e6d029-89cc-4735-a7ac-efdf86577f0d_grande.jpeg?v=1478209766,013803249491,,,,0,5,0
64,pictureline-72c914917d5f59130d38d16d234ab3ef,Fujifilm INSTAX Mini 9 Instant Film Camera (Smokey White),,USD,6999,Fujifilm,,True,,//cdn.shopify.com/s/files/1/0750/1017/products/mini9_camera_white_grande2_grande.jpg?v=1497548433,074101033113,,,,0,5,0
65,pictureline-73622aac7a221cd6f160de3fdb2c34a1,Canon Powershot G3X Digital Camera,,USD,99900,Canon,,True,,//cdn.shopify.com/s/files/1/0750/1017/products/20150618_thumbL_g3x_front_a9d33422-75f3-47df-a0f2-7504c8569f2e_grande.jpg?v=1449614788,013803254754,,,,0,5,0
66,pictureline-7474e9910fa2e7ce24762d47678d0291,Canon EOS 5D Mark IV Digital Camera Body Kit,,USD,329900,Canon,,True,,//cdn.shopify.com/s/files/1/0750/1017/products/Canon5divbody_grande.png?v=1515425336,013803281347,,,,5,5,4
67,pictureline-75efe399a85f5be8d163ea63316229e0,Nikon D500 DX Digital SLR Camera Body,,USD,189695,Nikon,,True,,//cdn.shopify.com/s/files/1/0750/1017/products/nikond500_grande.png?v=1514912352,018208015597,,,,0,5,0
68,pictureline-76b744a1656688c35cffceaec60f9751,Canon EOS 7D Mark II Digital SLR Camera Body Wi-Fi Adapter Kit,,USD,154900,Canon,,True,,//cdn.shopify.com/s/files/1/0750/1017/products/7d21_grande_b0d318e9-0555-4ee3-b34d-623e0c438ff7_grande.jpeg?v=1472074484,013803285246,,,,0,5,0
69,pictureline-777f9b7cde1ba46c5adfd76c9afad9c6,Sony Alpha a6300 Mirrorless Digital Camera with E-Mount 16-50mm Lens,,USD,99800,Sony,,False,,//cdn.shopify.com/s/files/1/0750/1017/products/6300flashfront_1024x1024_6afd1b93-3fe8-402b-884c-dfeda31b379f_grande.png?v=1478292332,027242891074,,,,0,5,0
70,pictureline-779ca27858fd3d7efba0f36ed4e15eaf,Canon EOS 77D DSLR Camera (Body Only),,USD,79999,Canon,,True,,//cdn.shopify.com/s/files/1/0750/1017/products/HR_77D_BODY_FRONT_CL_grande.jpg?v=1487366815,013803286489,,,,0,5,0
71,pictureline-77a0abd132730e62e384558c0b5df787,Panasonic Lumix DMC-GX85 Mirrorless Micro Four Thirds Camera w/12-32mm Lens (Silver),,USD,59799,Panasonic,,False,,//cdn.shopify.com/s/files/1/0750/1017/products/gx85silver2_grande.jpg?v=1481045930,885170285323,,,,0,5,0
72,pictureline-784315fe7eebbdee581e8cf623232a39,Nikon D7500 Digital Camera Body,,USD,124695,Nikon,,True,,//cdn.shopify.com/s/files/1/0750/1017/products/D7500_BF1B_front_grande.jpg?v=1492444178,018208015818,,,,0,5,0
73,pictureline-78cfeccd2d7d7a8313e25fb0572a4b41,Canon EOS 5DS Digital Camera Body,,USD,349900,Canon,,True,,//cdn.shopify.com/s/files/1/0750/1017/products/HR_5DS_BODY_FRONT_DOWN_CL_1024x1024_82cf92c0-964b-4162-8044-c0ab919ce99b_grande.jpeg?v=1449614525,013803256949,,,,0,5,0
74,pictureline-797ca463d9577da856fb30478d7f24dc,Canon EOS 6D Mark II Digital Camera Body Kit,,USD,189900,Canon,,True,,//cdn.shopify.com/s/files/1/0750/1017/products/HR_6D_MARKII_BODY_FRONT_CL_grande.jpg?v=1515425413,013803286557,,,,0,5,0
75,pictureline-7a9cfd962d24d1051dfd6201ae6b47dd,Panasonic Lumix DC-FZ80 Digital Camera,,USD,34999,Panasonic,,False,,//cdn.shopify.com/s/files/1/0750/1017/products/DC-FZ80K_ALT01_grande.jpg?v=1493248240,885170310919,,,,0,5,0
76,pictureline-7a9d217042d3396e060135ceadb45607,Fujifilm INSTAX Mini 9 Instant Film Camera (Flamingo Pink),,USD,6999,Fujifilm,,True,,//cdn.shopify.com/s/files/1/0750/1017/products/mini9_camera_pink_grande2_grande.jpg?v=1497548355,074101033182,,,,0,5,0
77,pictureline-7ae095c357c47b485b9db1f2226dbc20,Canon PowerShot G9X Mark II Digital Camera (Black),,USD,52999,Canon,,True,,//cdn.shopify.com/s/files/1/0750/1017/products/LR_G9X_MARKII_BLACK_BW_grande.jpg?v=1483651500,013803284928,,,,0,5,0
78,pictureline-7b0165ec706937f04e18a129c3d9c622,Fujifilm X-E3 Digital Camera Black,,USD,89995,Fujifilm,,False,,//cdn.shopify.com/s/files/1/0750/1017/products/X-E3_Black_Front_grande.jpg?v=1507675421,074101034714,,,,0,5,0
79,pictureline-7d0a44e1303848a4646151745fce497b,Panasonic Lumix DMC-GX85 Mirrorless Micro Four Thirds Camera w/12-32mm Lens and 45-150mm Lens (Black),,USD,109997,Panasonic,,False,,//cdn.shopify.com/s/files/1/0750/1017/products/DMC-GX85KK2withbag_grande.jpg?v=1513120417,,,,,0,5,0
80,pictureline-7df08111c8cfabf41bd00caa7b5fa9fb,Fujifilm GFX 50S Medium Format Camera Body,,USD,649900,Fujifilm,,True,,//cdn.shopify.com/s/files/1/0750/1017/products/GFX_50S_Front_EVF_grande.jpg?v=1484782185,074101031164,,,,0,5,0
81,pictureline-7ecaf899a47e8fc52528af83ee4ee2bb,Leica M Digital Camera Black QM2,,USD,629500,Leica,,False,,//cdn.shopify.com/s/files/1/0750/1017/products/leica_1_m_front_grande_6fd50f7d-7f69-44b1-a835-03002021f0ea_grande.jpeg?v=1449616913,,,,,0,5,0
82,pictureline-80150cfe5187eae22aefcbad6a2f1127,FujiFilm X-T1IR Forensic Bundle,,USD,399900,Fujifilm,,False,,//cdn.shopify.com/s/files/1/0750/1017/products/Screen-Shot-2017-01-20-at-11.30.55-AM_grande.jpg?v=1484937134,074101027952,,,,0,5,0
83,pictureline-817b8a2327b1f80638588c5927756d95,Sony Cyber-Shot DSC-RX100 V Digital Camera,,USD,99800,Sony,,False,,//cdn.shopify.com/s/files/1/0750/1017/products/Screen_Shot_2016-10-28_at_9.06.30_AM_grande.png?v=1477670048,027242903371,,,,5,5,1
84,pictureline-81f35e7e4d8c843c2bda53d54adb5eca,Nikon Coolpix B500 Digital Camera (Black),,USD,25995,Nikon,,True,,//cdn.shopify.com/s/files/1/0750/1017/products/26506_B500_front_grande.png?v=1470796950,018208265060,,,,0,5,0
85,pictureline-8283c864e903c7a3a5cc457c50b60d4c,Nikon Coolpix W300 Digital Camera (Black),,USD,38995,Nikon,,True,,//cdn.shopify.com/s/files/1/0750/1017/products/W300_BK_front_lo_grande.jpg?v=1499893147,018208265237,,,,0,5,0
86,pictureline-82fa7aa7685fa9d76afd8fbd41e9f2ca,Fujifilm X-H1 Digital Camera Body (Black),,USD,189900,Fujifilm,,True,,//cdn.shopify.com/s/files/1/0750/1017/products/X-H1_Black_Front_grande.jpg?v=1518803912,,,,,0,5,0
87,pictureline-83a21adde762eb0e333fdb2460ebd844,Panasonic Lumix DMC-ZS70S Digital Camera (Silver),,USD,44799,Panasonic,,False,,//cdn.shopify.com/s/files/1/0750/1017/products/DC-ZS70S_ALT01_grande.jpg?v=1493829210,885170315792,,,,0,5,0
88,pictureline-89d6a12e5d83f988c382462cc87068c1,FujiFilm X-T1IR Body,,USD,169995,Fujifilm,,False,,//cdn.shopify.com/s/files/1/0750/1017/products/1548154_grande_c9c848fd-1ce5-43c1-9548-d990aa9eed4a_grande.jpeg?v=1484937596,074101027525,,,,0,5,0
89,pictureline-8e1e654291f12fd62274936e77ae2f8b,Panasonic Lumix DC-GH5S Digital Camera Body,,USD,249799,Panasonic,,True,,//cdn.shopify.com/s/files/1/0750/1017/products/1-Lumix-DC_GH5s-Front-low-res_grande.jpg?v=1515437287,885170328266,,,,0,5,0
90,pictureline-8ec21f58a632fffa99ac8661aa454988,Sony Alpha A9 Digital Camera Body,,USD,449800,Sony,,False,,//cdn.shopify.com/s/files/1/0750/1017/products/a9_grande.jpg?v=1492706522,027242907362,,,,0,5,0
91,pictureline-908fcd22877803cf4694c40cc9e74ba6,Canon EOS 80D DSLR Camera with 18-55mm IS STM Lens,,USD,114900,Canon,,True,,//cdn.shopify.com/s/files/1/0750/1017/products/80d-8_grande.png?v=1455839323,013803271836,,,,0,5,0
92,pictureline-922a4ad9353fa328abae87fdf32b87e1,Fujifilm X-E2s Digital Camera w/XF 18-55mm Lens Kit (Silver),,USD,99995,Fujifilm,,False,,//cdn.shopify.com/s/files/1/0750/1017/products/Screen_Shot_2016-02-16_at_1.15.06_PM_grande.png?v=1455654007,074101027662,,,,0,5,0
93,pictureline-930f70ec2776daab0bb8552d7d81e457,Canon EOS Rebel T6s Camera Body,,USD,84999,Canon,,True,,//cdn.shopify.com/s/files/1/0750/1017/products/HR_T6s_BODY_FRONT_CL_1024x1024_6db2c2cd-cd6d-41fd-b89e-77dcae33aa36_grande.jpeg?v=1481737093,013803249477,,,,0,5,0
94,pictureline-940abb2f00f0bbfd6b7ec3e023cd2a81,Hasselblad H6D-100c Medium Format Digital Camera Body,,USD,3299500,Hasselblad,,False,,//cdn.shopify.com/s/files/1/0750/1017/products/Screen_Shot_2016-04-11_at_5.15.21_PM_grande.png?v=1460416957,7392544137476,,,,0,5,0
95,pictureline-9508f3c090884938a1f908f7879b1d66,Fujifilm X-T2 Digital Camera Body (Black),,USD,159900,Fujifilm,,True,,//cdn.shopify.com/s/files/1/0750/1017/products/X-T2_BK_front_White-1_grande.jpg?v=1467908652,074101029499,,,,5,5,4
96,pictureline-953b27ea6d5135debb44dde10b89d5b7,Leica Sofort Instant Camera (Mint),,USD,29900,Leica,,False,,//cdn.shopify.com/s/files/1/0750/1017/products/Leica_Sofort_Mint_front-on_1024x1024_e2f56fec-096c-47e9-888f-271114220cf4_grande.jpg?v=1480097491,799429191016,,,,0,5,0
97,pictureline-96e75ef0e68275781a110840f58426a5,Canon EOS 6D Mark II EF 24-105mm L IS II USM Digital Camera Kit,,USD,279900,Canon,,True,,//cdn.shopify.com/s/files/1/0750/1017/products/HR_6D_MARKII_EF24-105_IS_II_USM_FRONT_CL_grande.jpg?v=1515425427,013803286564,,,,0,5,0
98,pictureline-9703bb2b8d202a207f4e8af76096ddaf,Nikon D500 DX Digital SLR w/ 16-80mm ED VR Lens,,USD,249695,Nikon,,True,,//cdn.shopify.com/s/files/1/0750/1017/products/D500_grande.jpg?v=1514912359,018208015603,,,,5,5,1
99,pictureline-98ec95c9e15cd2e8d958e42be9ad913a,Fujifilm INSTAX Wide 300 Instant Camera,,USD,12999,Fujifilm,,True,,//cdn.shopify.com/s/files/1/0750/1017/products/164457783_grande.jpg?v=1453228226,074101162547,,,,0,5,0
100,pictureline-9ce2c8359ae0f7c0aefa63cf4f90fd76,Canon EOS 5D Mark IV Digital Camera Body with Canon Log,,USD,339900,Canon,,True,,//cdn.shopify.com/s/files/1/0750/1017/products/Canon5divbody_grande_6cd981a5-079f-4fb8-a5c8-9966bbaf7df5_grande.jpg?v=1515425355,660685172982,,,,0,5,0
101,pictureline-9f3cb4a45ff121fe10d719734b640fb6,Fujifilm INSTAX 25 Mini Instant Camera,,USD,11095,Fujifilm,,True,,//cdn.shopify.com/s/files/1/0750/1017/products/fuji_1_instax25_main_grande.jpeg?v=1449615820,4547410096828,,,,0,5,0
102,pictureline-a1f6ef03548c39fc896b6fe9dd9c10b5,Canon EOS 77D DSLR Camera with 18-135mm IS STM Lens,,USD,119999,Canon,,False,,//cdn.shopify.com/s/files/1/0750/1017/products/HR_77D_EFS18-135_IS_USM_3Q_CL_grande.jpg?v=1487368094,013803286502,,,,0,5,0
103,pictureline-a33f9ff1c3bbd6edd8543ea0c3dbf613,Canon EOS 5D Mark IV EF 24-105mm L IS II USM Digital Camera Kit,,USD,419900,Canon,,True,,//cdn.shopify.com/s/files/1/0750/1017/products/EOS_5D_Mark_IV_14_1024x1024_1c58e323-7600-4df4-b44c-4dc1497c2b80_grande.jpg?v=1515425373,013803281354,,,,0,5,0
104,pictureline-a5abe3ff3d380d96dd6c4d889a990d73,Fujifilm INSTAX Mini 70 Instant Film Camera (Midnight Black),,USD,11995,Fujifilm,,True,,//cdn.shopify.com/s/files/1/0750/1017/products/mini70_BLACK_Front__2_grande.jpg?v=1480704291,07410129031,,,,0,5,0
105,pictureline-a953ed07b504264ec65a7c4d9b584e19,Canon PowerShot SX730 HS Digital Camera (Black),,USD,39995,Canon,,True,,//cdn.shopify.com/s/files/1/0750/1017/products/PowerShot-SX730-Black-HS_2_xl_grande.jpg?v=1493400805,013803286090,,,,4,5,0
106,pictureline-aa03fa4328b0a20368e6002ff905d2fe,Panasonic Lumix DMC-GX8 Micro Four Thirds Digital Camera Body Only (Silver) - OPEN BOX,,USD,119799,Panasonic,,True,,//cdn.shopify.com/s/files/1/0750/1017/products/Screen_Shot_2015-08-26_at_4.26.49_PM_grande.png?v=1477677670,885170254541,,,,0,5,0
107,pictureline-ace870423b5f4d6fdd89c39e03d57f2a,Leica Q (Typ 116) Digital Camera,,USD,425000,Leica,,True,,//cdn.shopify.com/s/files/1/0750/1017/products/Leica_Q_front_lenshood_1024x1024_c9e8223a-bf77-40a1-a27b-f75043fcbfc1_grande.jpg?v=1454011184,799429190002,,,,5,5,1
108,pictureline-af9ccdee2e92144d4ffa83c1ed876db6,Panasonic Lumix DMC-GH5 Digital Camera Body,,USD,179799,Panasonic,,True,,//cdn.shopify.com/s/files/1/0750/1017/products/1_LUMIX_DMC-GH5_BODY_04_grande.jpg?v=1484152982,885170307100,,,,5,5,4
109,pictureline-afc65452f4d68882073e495551917622,Nikon D7200 Dual Lens Camera Kit w/18-55mm VR II & 70-300mm Lens,,USD,119695,Nikon,,True,,//cdn.shopify.com/s/files/1/0750/1017/products/13533_D7200_grande.jpg?v=1511200503,018208135332,,,,0,5,0
110,pictureline-b311a0ec067fc18f57d3b30a0cd34a99,Canon EOS 1D X Mark II Digital Camera Body,,USD,569900,Canon,,False,,//cdn.shopify.com/s/files/1/0750/1017/products/02_down_rev1_USA_grande.jpg?v=1454705137,013803271621,,,,0,5,0
111,pictureline-b3f0211516343f6ea16ca734ec45a36d,Panasonic Lumix DMC-FZ2500 Digital Camera,,USD,99799,Panasonic,,True,,//cdn.shopify.com/s/files/1/0750/1017/products/DMC-FZ2500_ALT01_grande.jpeg?v=1484586189,885170290945,,,,0,5,0
112,pictureline-b428afb301b9cf325a632db14a233ac3,Canon EOS Rebel SL2 EF-S 18-55mm STM Digital Camera Kit,,USD,64999,Canon,,True,,//cdn.shopify.com/s/files/1/0750/1017/products/HR_SL2_BLACK_EF18-55_IS_STM_FRONT_CL_grande.jpg?v=1498670153,013803290806,,,,0,5,0
113,pictureline-b688c6afe6077875b245d84732ac36ba,Fujifilm INSTAX Mini 90 Neo Classic Camera (Brown),,USD,17995,Fujifilm,,False,,//cdn.shopify.com/s/files/1/0750/1017/products/Screen_Shot_2015-12-11_at_11.38.22_AM_grande.png?v=1449859121,074101102321,,,,0,5,0
114,pictureline-b771e355d9a665996b1ef0f91f7c15f2,Sony Alpha A7R II Digital Camera Body,,USD,239800,Sony,,True,,//cdn.shopify.com/s/files/1/0750/1017/products/ILCE-7RM2_01-front_grande.jpg?v=1485195055,027242893832,,,,0,5,0
115,pictureline-b80f47240ff6480ca573e7ec37e8c118,Sony A7r III Digital Camera Body,,USD,319800,Sony,,False,,//cdn.shopify.com/s/files/1/0750/1017/products/ILCE-7RM3__a7R-III__front_grande.jpg?v=1510770917,027242909854,,,,0,5,0
116,pictureline-b94ade465481bb5d05737f9d90a35f2c,Nikon Coolpix B700 Digital Camera,,USD,44995,Nikon,,False,,//cdn.shopify.com/s/files/1/0750/1017/products/26510_B700_front_grande.png?v=1481924512,018208265107,,,,0,5,0
117,pictureline-c07fbbc0e42e15b2726aaf7d92eed912,Nikon Coolpix P900 Digital Camera Black,,USD,69695,Nikon,,True,,//cdn.shopify.com/s/files/1/0750/1017/products/1_grande_c51cccd6-c91f-4b0d-980d-d90ebef7f01f_grande.jpg?v=1449619217,018208264995,,,,0,5,0
118,pictureline-c0e5cd6c3f27b98d9d727a1a22bff589,Fujifilm INSTAX Square SQ10 Camera With Sleeve,,USD,27995,Fujifilm,,True,,//cdn.shopify.com/s/files/1/0750/1017/products/SQ10_01_grande.jpg?v=1501624955,074101034530,,,,0,5,0
119,pictureline-c1023f61bc6287b0ba32ed3de2a946ae,Fujifilm X-T20 Body with XF 18-55mm Lens Kit (Silver),,USD,119900,Fujifilm,,False,,//cdn.shopify.com/s/files/1/0750/1017/products/X-T20_Silver_FrontUP_XF18-55mm_grande.jpg?v=1484778751,074101032055,,,,0,5,0
120,pictureline-c30c83244493a10e26c9e8aa043b5895,Nikon Coolpix W300 Digital Camera (Yellow),,USD,38995,Nikon,,False,,//cdn.shopify.com/s/files/1/0750/1017/products/W300_YW_front_lo_grande.jpg?v=1499893106,018208265251,,,,0,5,0
121,pictureline-c342517eeff4fc62d51a60dcdb9f54a4,Fujifilm X-T20 Mirrorless Digital Camera Body (Black),,USD,89995,Fujifilm,,True,,//cdn.shopify.com/s/files/1/0750/1017/products/pic_additional_03_1a7cebbe-3031-4f5a-8d8c-64518e5d701b_grande.jpg?v=1484849246,074101032222,,,,0,5,0
122,pictureline-c5be243de1d2d72134f42c66f5dc03aa,Canon PowerShot G5X Digital Camera,,USD,79999,Canon,,True,,//cdn.shopify.com/s/files/1/0750/1017/products/Screen_Shot_2016-01-29_at_3.32.22_PM_grande.png?v=1454108259,013803266986,,,,0,5,0
123,pictureline-c5f42acf8f97c9871a7305705354ac94,Fujifilm INSTAX Mini 9 Instant Film Camera (Ice Blue),,USD,6999,Fujifilm,,True,,//cdn.shopify.com/s/files/1/0750/1017/products/mini9_camera_iceblue_grande2_grande.jpg?v=1497548394,074101033267,,,,0,5,0
124,pictureline-cb1f4ddb6beb213d25475ffee29f4959,Fujifilm X-E3 Digital Camera w/XF 18-55mm Lens Kit (Black),,USD,129995,Fujifilm,,False,,//cdn.shopify.com/s/files/1/0750/1017/products/X-E3_Black_Front_XF18-55mmF2.8-4_grande.jpg?v=1507675571,074101034790,,,,0,5,0
125,pictureline-cb56a7737aa9fa6d795be2031e9b3c1a,Fujifilm INSTAX Mini 90 Neo Classic Camera,,USD,17995,Fujifilm,,True,,//cdn.shopify.com/s/files/1/0750/1017/products/fujifilm-instax-mini-90_grande.jpeg?v=1458228839,4547410260649,,,,0,5,0
126,pictureline-cbd8dc3ecb707889c60696789114ce0e,Hasselblad X1D 4116 Edition Mirrorless Camera with 45mm Lens,,USD,1339500,Hasselblad,,False,,//cdn.shopify.com/s/files/1/0750/1017/products/X1D-black-angle-1200px_grande.jpg?v=1495580334,7392544139111,,,,0,5,0
127,pictureline-cda6293c810303b4df257aa0b44386cb,Panasonic Lumix DMC-ZS70K Digital Camera (Black),,USD,44799,Panasonic,,False,,//cdn.shopify.com/s/files/1/0750/1017/products/DC-ZS70K_ALT01_grande.jpg?v=1493761179,885170315785,,,,0,5,0
128,pictureline-cfa32f08c446643287b4cf1a202648ec,Leica M10 Digital Camera (Black),,USD,689500,Leica,,False,,//cdn.shopify.com/s/files/1/0750/1017/products/20000_Leica_M10_black_without_lens_front_RGB_grande.jpg?v=1485556291,4022243200005,,,,0,5,0
129,pictureline-d3b0257f2ef99ded5cef1631a6962218,Panasonic Lumix DC-ZS200 Digital Camera (Silver),,USD,79799,Panasonic,,False,,//cdn.shopify.com/s/files/1/0750/1017/products/DC-ZS200S_ALT01_grande.jpg?v=1521647670,885170331914,,,,0,5,0
130,pictureline-d6e13a7081ae4bd21b4e9fe994b480b5,Leica Q (Typ 116) Digital Camera (Silver Anodized),,USD,449500,Leica,,True,,//cdn.shopify.com/s/files/1/0750/1017/products/Leica-Q-silver_front_grande.jpg?v=1513099591,799429190224,,,,0,5,0
131,pictureline-da9442bed3973c666e8086e186eeebba,Leica M (Type 240) Digital Camera Black,,USD,659500,Leica,,False,,//cdn.shopify.com/s/files/1/0750/1017/products/leica_1_m_front_grande.jpeg?v=1449616906,799429107703,,,,0,5,0
132,pictureline-daa84665bc5b72e6e9af057ca9e4ac18,Fujifilm X-Pro2 Digital Camera Body (Black),,USD,169900,Fujifilm,,True,,//cdn.shopify.com/s/files/1/0750/1017/products/Screen_Shot_2016-01-29_at_3.27.59_PM_grande.png?v=1454107965,074101027181,,,,0,5,0
133,pictureline-dba9017eddf894c6c58897a5a874e831,Fujifilm X-T20 Mirrorless Digital Camera Body (Silver),,USD,89900,Fujifilm,,True,,//cdn.shopify.com/s/files/1/0750/1017/products/pic_additional_01_4b2d24bb-f0b3-4c6b-bf48-1753e9e54e01_grande.jpg?v=1484849986,074101032154,,,,0,5,0
134,pictureline-dbf979bc7ec57280079d3e8eb4967026,Canon Powershot G7X Mark II Digtal Camera,,USD,69999,Canon,,True,,//cdn.shopify.com/s/files/1/0750/1017/products/HR_G7X_MARKII_FRONT_CL_grande.jpg?v=1461840302,013803269321,,,,5,5,1
135,pictureline-dd6b0fa82dbe05a1dd16d1b17ca8953b,Nikon D5600 Dual Lens Camera Kit w/18-55mm VR II & 70-300mm Lens,,USD,84695,Nikon,,True,,//cdn.shopify.com/s/files/1/0750/1017/products/18-55_55-300D5600_grande.jpg?v=1483563892,018208015801,,,,0,5,0
136,pictureline-ddbe82e9935392c981e5969336598565,Fujifilm X100F Digital Camera (Silver),,USD,129900,Fujifilm,,False,,//cdn.shopify.com/s/files/1/0750/1017/products/X100F_Silver_FrontRight_grande.jpg?v=1484781792,074101031294,,,,0,5,0
137,pictureline-de27169fd827ec05ecf70890410fc0a5,Fujifilm INSTAX Mini 70 Instant Film Camera (Passion Red),,USD,11995,Fujifilm,,True,,//cdn.shopify.com/s/files/1/0750/1017/products/mini70_RED_Front_grande.jpg?v=1480704384,07410129024,,,,0,5,0
138,pictureline-e2046ba1bba553dfd5061b55cd1d5f60,Canon EOS Rebel T7i DSLR 18-135mm STM Camera Kit,,USD,109900,Canon,,True,,//cdn.shopify.com/s/files/1/0750/1017/products/HR_T7i_EFS18-135_IS_STM_FRONT_CL_grande.jpg?v=1487202115,013803286526,,,,0,5,0
139,pictureline-e2ec82fd40cced186da0212071377289,Nikon Coolpix A900 Digital Camera (Silver),,USD,39995,Nikon,,True,,//cdn.shopify.com/s/files/1/0750/1017/products/26505_A900_front_grande.png?v=1481923654,018208265053,,,,0,5,0
140,pictureline-e30c28ac07cbe1211c2d1cf5ed613b8d,Canon PowerShot SX730 HS Digital Camera (Silver),,USD,39995,Canon,,True,,//cdn.shopify.com/s/files/1/0750/1017/products/5_3ebd0612-c3b4-49d9-9a46-9ba0019f52d9_grande.jpg?v=1493415902,013803286113,,,,0,5,0
141,pictureline-e5d10591613ba41e0f8a081076cd35b7,Sony Cyber-Shot DSC-RX10 IV Digital Camera,,USD,169800,Sony,,True,,//cdn.shopify.com/s/files/1/0750/1017/products/DSC-RX10M4__front_grande.jpg?v=1507756558,,,,,0,5,0
142,pictureline-e5dc00476869de10647cd26a650e4fde,Sony Alpha A7 III Digital Camera Body,,USD,199800,Sony,,False,,//cdn.shopify.com/s/files/1/0750/1017/products/ILCE-7M3_front_US_grande.jpg?v=1520896453,027242910768,,,,0,5,0
143,pictureline-e5f70c4cac5fca2ade2def7b283961ae,Canon EOS Rebel SL2 Digital Camera Body Kit,,USD,54999,Canon,,True,,//cdn.shopify.com/s/files/1/0750/1017/products/HR_SL2_BLACK_BODY_FRONT_CL_grande.jpg?v=1498670141,013803290790,,,,5,5,1
144,pictureline-e7b0dc4c2b89b11f3ffd751887822265,Nikon D850 Digital Camera Body,,USD,329695,Nikon,,False,,//cdn.shopify.com/s/files/1/0750/1017/products/D850_BF1B_front_grande_3d9173c2-5d06-4b0f-a4c4-04d990b0eec0_grande.jpg?v=1522253603,018208015856,,,,,,
145,pictureline-e7c0386db56fdaca4f48043a61a6f960,Nikon D7200 Digital Camera Body,,USD,99695,Nikon,,False,,//cdn.shopify.com/s/files/1/0750/1017/products/1_3b18fc7e-b916-4389-8011-68f1411b1ef0_grande.jpg?v=1449619414,018208015542,,,,,,
146,pictureline-e8ea833a8c3688e167fd8e3ca5cce35f,Sony Alpha A7S II Digital Camera Body,,USD,249800,Sony,,True,,//cdn.shopify.com/s/files/1/0750/1017/products/ILCE-7SM2_II_front_hi_grande.jpg?v=1485195104,027242894273,,,,0,5,0
147,pictureline-ed15d874041c6468603859ef0f50364a,Nikon D750 Digital Camera Body,,USD,179695,Nikon,,True,,//cdn.shopify.com/s/files/1/0750/1017/products/d750_bf1b_front_2_1024x1024_ff84f5c0-031d-4656-a5c7-160ac685ea73_grande.jpeg?v=1514912336,018208015436,,,,5,5,1
148,pictureline-f1e6f871eabb96ff8906b41a25f7dae0,Fujifilm INSTAX Mini 9 Instant Film Camera (Cobalt Blue),,USD,6999,Fujifilm,,False,,//cdn.shopify.com/s/files/1/0750/1017/products/mini9_camera_blue_grande2_grande.jpg?v=1497548343,074101033090,,,,0,5,0
149,pictureline-f3c005af9178193dd2d5d165b4e4767b,Fujifilm X30 Digital Camera Silver,,USD,49900,Fujifilm,,False,,//cdn.shopify.com/s/files/1/0750/1017/products/Screen_Shot_2016-01-29_at_3.30.08_PM_grande.png?v=1461839425,074101025583,,,,0,5,0
150,pictureline-f77c19e15ba32bedd50601502d9cf113,Fujifilm X-E2s Digital Camera Body (Black),,USD,69995,Fujifilm,,False,,//cdn.shopify.com/s/files/1/0750/1017/products/Screen_Shot_2016-02-16_at_1.14.53_PM_grande.png?v=1455653906,074101027587,,,,0,5,0
151,pictureline-f9b7d6ea5845f21f1817d7f1a994b533,Pre-Order Copy of Panasonic Lumix DC-GH5S Digital Camera Body,,USD,0,Panasonic,,NA,,//cdn.shopify.com/s/files/1/0750/1017/products/1-Lumix-DC_GH5s-Front-low-res_15c21cfa-4b21-45dd-8ea9-ec7c3df13731_grande.jpg?v=1515436090,885170328266,,,,,,
152,pictureline-fdb4ea76f54630c00a012f930048eb38,Panasonic Lumix DMC-GX85 Mirrorless Micro Four Thirds Digital Camera w/ 12-32mm & 45-150mm Lenses (Black),,USD,99799,Panasonic,,False,,//cdn.shopify.com/s/files/1/0750/1017/products/1_-Lumix-GX85WK-lens-kit_grande.jpg?v=1521758427,,,,,0,5,0
153,pictureline-fdda66862252d1ba8aaf99dbe46c82dd,Panasonic Lumix DC-GX9 Mirrorless Micro Four Thirds Digital Camera w/ 12-60mm Lens (Silver),,USD,99799,Panasonic,,False,,//cdn.shopify.com/s/files/1/0750/1017/products/GX9_MKIT_front_S_grande.jpg?v=1521820762,,,,,0,5,0
154,,,,,,,,,,,,,,,,,
155,,,,,,,,,,,,,,,,,
156,,,,,,,,,,,,,,,,,
