identifier,name,priceCurrency,price,brand,itemCondition,availability,description,image,gtin12,gtin13,gtin14,gtin8,ratingValue,bestRating,reviewCount
robertscamera-008a7f761a7996836c0dd575f1760ab6,Panasonic 		Lumix DMC-GX7 (Body Only),USD,799.99,Panasonic,new,https://schema.org/InStock,,,,,,,,,
robertscamera-03544e86402ebfdfb82e3a1b87ac1c9b,Sony 		HDR-PJ670 Camcorder with Built-in Projector,USD,699.99,Sony,new,https://schema.org/OutOfStock,,,,,,,,,
robertscamera-03ddd653bb4422f0a040a458a770a5cf,Pentax 		KP (Body Only),USD,1099.95,Pentax,new,https://schema.org/OutOfStock,,,,,,,,,
robertscamera-0482c11ee587a6b78530b61fdffd77a0,Blackmagic Design 		Micro Studio Camera 4K,USD,1295,Blackmagic Design,new,https://schema.org/InStock,,,,,,,,,
robertscamera-06533827a6d5aeba91b984cb079d555e,Olympus 		PEN E-PL5 with 14-42mm,USD,399.99,Olympus,new,https://schema.org/OutOfStock,,,,,,,,,
robertscamera-067acd7bde848cb6d2aa5f2b8baa3b14,Nikon 		D810 (Body Only),USD,2796.95,Nikon,new,https://schema.org/OutOfStock,,,,,,,,,
robertscamera-06828fc083a8025c97e53ee101910618,Sony 		HDR-PJ50V HD Camcorder,USD,899.99,Sony,new,https://schema.org/OutOfStock,,,,,,,,,
robertscamera-06d294f111aa15ba790cd93fc2224e14,Samsung 		Gear 360 (White),USD,349.99,Samsung,new,https://schema.org/OutOfStock,,,,,,,,,
robertscamera-079356802d70dbb09ba0a49dab715989,Nikon 		Coolpix A900,USD,396.95,Nikon,new,https://schema.org/InStock,,,,,,,,,
robertscamera-086463b73ccdc70ba7b37def7f1b4839,Canon 		EOS Rebel T6i with 18-55mm STM Lens,USD,699.99,Canon,new,https://schema.org/OutOfStock,,,,,,,,,
robertscamera-0a7a8ee6e4fb8e7c9be40c09c51c4c4f,Olympus 		OM-D E-M5 (Body Only),USD,499.99,Olympus,new,https://schema.org/OutOfStock,,,,,,,,,
robertscamera-0ad5be50dc3ac6e3810864eb829a9afb,Sony 		FDR-AX100 4K Camcorder,USD,1499,Sony,new,https://schema.org/OutOfStock,,,,,,,,,
robertscamera-0c2735895bcff37d9721f730e4861ba0,Nikon 		1 J5 with 10-30mm and 30-110mm,USD,746.95,Nikon,new,https://schema.org/OutOfStock,,,,,,,,,
robertscamera-0d58a59e6d9d2370c5ac3fe7f13de670,FujiFilm 		X-T2 (Body Only),USD,1599.95,FujiFilm,new,https://schema.org/InStock,,,,,,,,,
robertscamera-0e1d81b9e8fb7b805738899bfe500fec,Nikon 		D750 with 24-120mm,USD,2296.95,Nikon,new,https://schema.org/InStock,,,,,,,,,
robertscamera-0e2a8d926aa3a325d09f20e1c87b42d6,Nikon 		D7200 with 18-140mm VR Lens,USD,1296.95,Nikon,new,https://schema.org/OutOfStock,,,,,,,,,
robertscamera-0e36c6fbf3aa6b4952776ce72c0bfd14,WASPcam 		9906 Camo Action Camera,USD,279.99,WASPcam,new,https://schema.org/OutOfStock,,,,,,,,,
robertscamera-0ea670a2897900c8fd545c80c7b25014,Pentax 		K-50 with 18-55mm and 50-200mm Lenses,USD,499,Pentax,new,https://schema.org/OutOfStock,,,,,,,,,
robertscamera-0f0481bd9286a1c14e2dd31bd792a6b9,Sony 		HDR-CX330 Handycam Camcorder,USD,329.99,Sony,new,https://schema.org/OutOfStock,,,,,,,,,
robertscamera-0fb00cff687f757d7cc310e033278b52,FujiFilm 		GFX 50S (Body Only),USD,6499.95,FujiFilm,new,https://schema.org/OutOfStock,,,,,,,,,
robertscamera-0fc0a61cea349e3557ffa7f213aaa4fe,Sony 		HXR-MC1 HD Point of View Camcorder,USD,1999,Sony,new,https://schema.org/OutOfStock,,,,,,,,,
robertscamera-0fdb7bd2fd51bd76a844294e09613c99,Sony 		a7 II with 28-70mm f/3.5-5.6 FE,USD,1599.99,Sony,new,https://schema.org/OutOfStock,,,,,,,,,
robertscamera-1012a4e5f03aa7469b0e259bb4e093b6,Canon 		EOS 5DS R (Body Only),USD,3899,Canon,new,https://schema.org/OutOfStock,,,,,,,,,
robertscamera-107307a3a85432265322cd86d69ec133,Panasonic 		DMC-ZS20 Digital Camera,USD,349.99,Panasonic,new,https://schema.org/OutOfStock,,,,,,,,,
robertscamera-141098675c3d6f9ef419e9145bee09b0,Panasonic 		LUMIX DMC-G85 (Body Only),USD,899.99,Panasonic,new,https://schema.org/OutOfStock,,,,,,,,,
robertscamera-158da7d63016a5f224efe8b43ec706b5,Sony 		NEX-VG30 with 18-200mm Lens,USD,2699.99,Sony,new,https://schema.org/OutOfStock,,,,,,,,,
robertscamera-15a4f9df8e3b55c3e05f6a080e7524db,Sony 		Cybershot RX100 II,USD,599.99,Sony,new,https://schema.org/OutOfStock,,,,,,,,,
robertscamera-175c0fcab3c933027504f445b824b7e5,Casio 		EX-ZR10 (Black),USD,249.99,Casio,new,https://schema.org/OutOfStock,,,,,,,,,
robertscamera-177eed3e9afd22b0104ef8f8abce289b,Panasonic 		DMC-LX7 Digital Compact Camera,USD,399.99,Panasonic,new,https://schema.org/OutOfStock,,,,,,,,,
robertscamera-179d65c8652f7a4d7d1ab1984ae1af6d,Panasonic 		Lumix DMC-LZ20,USD,249.97,Panasonic,new,https://schema.org/InStock,,,,,,,,,
robertscamera-185b7359882f079b453f1a7b89bb2d26,Canon 		EOS 5DS (Body Only),USD,3699,Canon,new,https://schema.org/OutOfStock,,,,,,,,,
robertscamera-191dba6c9dd0f5a1f6de055f9b116e4e,Nikon 		D810A (Body Only),USD,3796.95,Nikon,new,https://schema.org/OutOfStock,,,,,,,,,
robertscamera-191e3bee5f0da0ee36a7850903670dfb,Nikon 		Coolpix B500,USD,256.95,Nikon,new,https://schema.org/InStock,,,,,,,,,
robertscamera-19469e4b96855e33393662e4a26656b3,Canon 		PowerShot SX540 HS,USD,399.99,Canon,new,https://schema.org/InStock,,,,,,,,,
robertscamera-1aa9066550b36453d375abea4ddc3ca9,Sony 		HXRMC2000U Shoulder Mount AVCHD camcorder,USD,1699,Sony,new,https://schema.org/OutOfStock,,,,,,,,,
robertscamera-1b46aee8eaaa8147542a1fda857a7bf1,Sony 		HDR-PJ650V Handycam,USD,1099.99,Sony,new,https://schema.org/OutOfStock,,,,,,,,,
robertscamera-1d41cd2e5990635a0f7d519b020643c7,Sony 		Cybershot DSC-WX500 High-zoom Point and Shoot Camera,USD,349.99,Sony,new,https://schema.org/OutOfStock,,,,,,,,,
robertscamera-1e25d6477b5d3f84c440f48c94bed185,Panasonic 		DMC-GX85 (Body Only) (Black),USD,699.99,Panasonic,new,https://schema.org/InStock,,,,,,,,,
robertscamera-1fc3ec14c6c290ee240e0ec1b485c4b1,Samsung 		Digimax L85,USD,299.97,Samsung,new,https://schema.org/InStock,,,,,,,,,
robertscamera-21333d5eb4ecdce3e93b19f3bb7e28d7,Canon 		PowerShot SX620 HS,USD,249.99,Canon,new,https://schema.org/OutOfStock,,,,,,,,,
robertscamera-216e3331a1b6143bb79fbac4a5460567,Panasonic 		AG-DVX200PJ 4/3” Large Format 4K/HD Handheld Camcorder,USD,4695,Panasonic,new,https://schema.org/OutOfStock,,,,,,,,,
robertscamera-217a3eec8a8a04cc9b1caf17865cabce,Sony 		HDR-CX210 Handycam Camcorder,USD,349.99,Sony,new,https://schema.org/OutOfStock,,,,,,,,,
robertscamera-21877c14fa4e328c3d898a325b791fae,Nikon 		D750 Filmmaker's Kit,USD,3906.95,Nikon,new,https://schema.org/OutOfStock,,,,,,,,,
robertscamera-2401940e1e62aaf7160717187d7167b1,Drift Innovation 		HD170 Stealth Camera,USD,349.97,Drift Innovation,new,https://schema.org/OutOfStock,,,,,,,,,
robertscamera-2582ad131f6aa0f7fbdfb2a58d1cd23b,Sony 		HDR-AS10 Action Cam,USD,199.99,Sony,new,https://schema.org/InStock,,,,,,,,,
robertscamera-2636c0593a6786c5d84c9bd6120f8741,FujiFilm 		X-M1 with 16-50mm,USD,599.95,FujiFilm,new,https://schema.org/OutOfStock,,,,,,,,,
robertscamera-26837e5e85709cc18bca653c204e1411,Canon 		EOS 6D Mark II (Body Only),USD,1999,Canon,new,https://schema.org/InStock,,,,,,,,,
robertscamera-271776fa638063191effe4e029be2ae6,Canon 		XF105 camcorder,USD,2999,Canon,new,https://schema.org/OutOfStock,,,,,,,,,
robertscamera-27fe8ec5525b94f7e97723bcd17e6251,Nikon 		D7500 with 18-300mm VR Lens,USD,1876.95,Nikon,new,https://schema.org/InStock,,,,,,,,,
robertscamera-28e707de1c214fd931df3a191f148b99,Sony 		HDR-AS15 Action Cam with WiFi,USD,199.99,Sony,new,https://schema.org/OutOfStock,,,,,,,,,
robertscamera-294e7750c1282ae1bf830a163b34ccb1,Canon 		VIXIA mini,USD,299.99,Canon,new,https://schema.org/OutOfStock,,,,,,,,,
robertscamera-2a3c7ca452806d190a0fdd59ce1be48b,Samsung 		NX1 Smart Camera (Body Only),USD,1499.99,Samsung,new,https://schema.org/OutOfStock,,,,,,,,,
robertscamera-2a70ef600fce891459e20f1c7a5f848f,Canon 		VIXIA HF R300 Camcorder,USD,299.99,Canon,new,https://schema.org/OutOfStock,,,,,,,,,
robertscamera-2befdfa9219b0c614cfaf583e4d2057c,Sony 		HDR-CX580V Handycam Camcorder,USD,799.99,Sony,new,https://schema.org/OutOfStock,,,,,,,,,
robertscamera-2bf6ab762afa627dcdbd95d9c6aa04e3,Canon 		EOS 80D with 18-135mm,USD,1799,Canon,new,https://schema.org/InStock,,,,,,,,,
robertscamera-2c2bd1a44605b876ff0a72ea1a30b5ce,Nikon 		1 J4 with 10-30mm,USD,396.95,Nikon,new,https://schema.org/OutOfStock,,,,,,,,,
robertscamera-2cb09dff8a0a81ff2485d0fee764515b,Sony 		a7R II (Body Only),USD,2899.99,Sony,new,https://schema.org/InStock,,,,,,,,,
robertscamera-2d30d3e1887aa8d1753765c2716a578f,FujiFilm 		X-A1 with 16-50mm,USD,499.95,FujiFilm,new,https://schema.org/InStock,,,,,,,,,
robertscamera-2da195ec7dd3531a58e7054d32db811c,Sony 		a99 (Body Only),USD,1999,Sony,new,https://schema.org/OutOfStock,,,,,,,,,
robertscamera-2e085b2e39b08f948caba21502240231,Nikon 		D610 with 28-300mm VR,USD,2446.95,Nikon,new,https://schema.org/OutOfStock,,,,,,,,,
robertscamera-2e5f3a595f0692b93d03a529d6610979,Samsung 		NX mini with 9mm,USD,449.99,Samsung,new,https://schema.org/OutOfStock,,,,,,,,,
robertscamera-30231d1129525305e36bab3d9adae5b1,Canon 		FS40 Camcorder,USD,299.99,Canon,new,https://schema.org/OutOfStock,,,,,,,,,
robertscamera-327e72bc5959a917ef7714ab7a064971,Nikon 		D7500 with 18-140mm VR,USD,1546.95,Nikon,new,https://schema.org/InStock,,,,,,,,,
robertscamera-32a1227ccad8abf53cd353a18742b36a,Canon 		XA35 Professional Camcorder,USD,2499,Canon,new,https://schema.org/OutOfStock,,,,,,,,,
robertscamera-32a1c44b4653d21a7b4eb265a98a4030,Canon 		EOS 80D (Body Only),USD,1199,Canon,new,https://schema.org/InStock,,,,,,,,,
robertscamera-32e36cb9cdd986925ee52b1074c6374c,Nikon 		D4s (Body Only),USD,6496.95,Nikon,new,https://schema.org/OutOfStock,,,,,,,,,
robertscamera-32e46c84b2ec38c8ad52b8d52ef3da80,Nikon 		D3400 with 18-55mm VR and 70-300mm Non-VR Lenses,USD,596.95,Nikon,new,https://schema.org/OutOfStock,,,,,,,,,
robertscamera-33662255aa5b48dfd70df90ea538cd7d,Samsung 		NX mini with 9-27mm,USD,549.99,Samsung,new,https://schema.org/OutOfStock,,,,,,,,,
robertscamera-33ac6efd65f38feadcf5668ee3582054,Olympus 		PEN E-P5 (Body Only),USD,799.99,Olympus,new,https://schema.org/InStock,,,,,,,,,
robertscamera-33db4814c7fd979fec762e870f3eace9,Sony 		Cyber-shot WX70 Camera Bundle,USD,219.99,Sony,new,https://schema.org/OutOfStock,,,,,,,,,
robertscamera-354f5c63d1fb0d37a4fd015af92d11ec,Panasonic 		DMC-GF3 with 14-42mm Lens,USD,549.97,Panasonic,new,https://schema.org/OutOfStock,,,,,,,,,
robertscamera-36c2194a4f7a92c0f061c4b95ed97780,Canon 		VIXIA HF S30 Flash Memory Camcorder,USD,999.99,Canon,new,https://schema.org/OutOfStock,,,,,,,,,
robertscamera-37129c48eabb43bb264e3da0ddea31ba,Canon 		XF200 High Definition Camcorder,USD,3499,Canon,new,https://schema.org/OutOfStock,,,,,,,,,
robertscamera-3962824e0c1babd08d8e736abc83d0c3,Promaster 		MyMuvi FaceCam HD,USD,24.97,Promaster,new,https://schema.org/InStock,,,,,,,,,
robertscamera-39eb02a843293203cd3bc9231ea9d704,Sony 		Cybershot DSC-TX30,USD,299.99,Sony,new,https://schema.org/OutOfStock,,,,,,,,,
robertscamera-3a5881166edc8b327edf37ee6ef35a0c,Canon 		EOS Rebel SL1 with 18-55mm IS STM,USD,699.99,Canon,new,https://schema.org/InStock,,,,,,,,,
robertscamera-3bd31992af0837277ecb901dbc2ff438,Sony 		HDR-PJ540 Handycam Camcorder,USD,699.99,Sony,new,https://schema.org/OutOfStock,,,,,,,,,
robertscamera-3be6010a4bd545410d578dbea4e751a2,Canon 		EOS 5D Mark III with EF 24-70mm f/4 IS,USD,2749,Canon,new,https://schema.org/OutOfStock,,,,,,,,,
robertscamera-3cca3972bd78e3ef1a2834eb7b9f960b,Canon 		Vixia HF R70,USD,399.99,Canon,new,https://schema.org/OutOfStock,,,,,,,,,
robertscamera-3ceefb9690fe515751bdea0b7c3deead,Panasonic 		Lumix DMC-FZ70K Digital Camera,USD,299.99,Panasonic,new,https://schema.org/OutOfStock,,,,,,,,,
robertscamera-3eaf1748b66a39658783124b5da7e766,Nikon 		D5 (Body Only),USD,6496.95,Nikon,new,https://schema.org/InStock,,,,,,,,,
robertscamera-3fc0ad8bdd9cb2e28f7eb3b33a6a0e0d,FujiFilm 		X30,USD,499.95,FujiFilm,new,https://schema.org/OutOfStock,,,,,,,,,
robertscamera-405e708cdb4c5047bc052710b31d0947,Blackmagic Design 		Pocket Cinema Camera (Body Only),USD,995,Blackmagic Design,new,https://schema.org/OutOfStock,,,,,,,,,
robertscamera-40dabbeeabf68f98b3e03f024b17f1b6,Nikon 		Coolpix S6800,USD,169.97,Nikon,new,https://schema.org/OutOfStock,,,,,,,,,
robertscamera-414d8d7628786886ed76be418ab83024,Blackmagic Design 		URSA Mini 4.6K (EF Mount),USD,4995,Blackmagic Design,new,https://schema.org/OutOfStock,,,,,,,,,
robertscamera-419866d79d5393c16d410d173d0a8237,Sony 		Cyber-shot DSC-HX90,USD,449.99,Sony,new,https://schema.org/InStock,,,,,,,,,
robertscamera-427ede77074170f85d7aba2c3750380f,Nikon 		Coolpix P900,USD,596.95,Nikon,new,https://schema.org/OutOfStock,,,,,,,,,
robertscamera-42ce0da68a6fb3a2da54200865136459,Olympus 		SH-50 iHS,USD,299.99,Olympus,new,https://schema.org/OutOfStock,,,,,,,,,
robertscamera-4363c31fc92a4ba84c3f234efc3a06ae,Canon 		VIXIA HF R50 Camcorder,USD,399,Canon,new,https://schema.org/OutOfStock,,,,,,,,,
robertscamera-441fbb1c8b89156b72c5b419a36d17da,Leica 		D-LUX [Typ 109] Digital Camera,USD,1095,Leica,new,https://schema.org/OutOfStock,,,,,,,,,
robertscamera-44a8120791297080fa92fa34212eaa17,Blackmagic Design 		Production Camera 4K EF,USD,2995,Blackmagic Design,new,https://schema.org/OutOfStock,,,,,,,,,
robertscamera-44dcb13faacbe458b382cfd6bf203617,Canon 		PowerShot SX410 IS,USD,199,Canon,new,https://schema.org/OutOfStock,,,,,,,,,
robertscamera-44e246a2bb73664ec325eb6cd5fb1c06,Canon 		Vixia HF R200 HD Camcorder,USD,329.99,Canon,new,https://schema.org/OutOfStock,,,,,,,,,
robertscamera-469a63e254bc0205c1552b9906ed5d08,Sony 		a7R (Body Only),USD,1898,Sony,new,https://schema.org/OutOfStock,,,,,,,,,
robertscamera-4738643f8c487d4824c47eac8ea77a4c,Canon 		EOS 6D with EF 24-105mm f/4L IS USM,USD,2299,Canon,new,https://schema.org/OutOfStock,,,,,,,,,
robertscamera-4764aaf4d60369c631dba1f58313bb01,FujiFilm 		X-T2 with 18-55mm,USD,1899.95,FujiFilm,new,https://schema.org/InStock,,,,,,,,,
robertscamera-488a1daf816f428abd7d13b6f6df4b43,Nikon 		D5500 with AF-P 18-55mm VR and 70-300mm non-VR (Black),USD,1146.95,Nikon,new,https://schema.org/OutOfStock,,,,,,,,,
robertscamera-48ce6d48821faa8014a6f1e6e1f3c578,Sony 		Cyber-shot DSC-RX1R II,USD,3299.99,Sony,new,https://schema.org/InStock,,,,,,,,,
robertscamera-4943fdb2df1aa0bcd7ab42f8e2c30217,Canon 		EOS 60D with 18-135mm IS,USD,1199,Canon,new,https://schema.org/OutOfStock,,,,,,,,,
robertscamera-4951b799d75d43e4518127403a1e8a44,Sony 		Cyber-shot RX100 V,USD,949.99,Sony,new,https://schema.org/InStock,,,,,,,,,
robertscamera-4a6c071fa1a9e2afb5a2639f2425481f,Canon 		EOS Rebel T6 with 18-55mm II,USD,449.99,Canon,new,https://schema.org/OutOfStock,,,,,,,,,
robertscamera-4c4036fec67387d672295fd873416b44,Olympus 		OM-D E-M10 Mark II Limited Edition,USD,899.99,Olympus,new,https://schema.org/OutOfStock,,,,,,,,,
robertscamera-4ce5b0c35521fb42035160e15a4c19a4,Panasonic 		Lumix DMC-GX8 (Body Only),USD,1199.99,Panasonic,new,https://schema.org/InStock,,,,,,,,,
robertscamera-4d513017fcc8ff504e2064286784b782,Nikon 		D3400 with 18-55mm VR Lens,USD,496.95,Nikon,new,https://schema.org/InStock,,,,,,,,,
robertscamera-4d613a3cbae052e777f993aaa05243ee,JVC 		GY-HM620 ProHD Mobile News Camera,USD,2925,JVC,new,https://schema.org/OutOfStock,,,,,,,,,
robertscamera-4f008f957189ac1d79066ae9bbf28cd1,Samsung 		WB350 Smart Camera,USD,259.99,Samsung,new,https://schema.org/OutOfStock,,,,,,,,,
robertscamera-4f51273b1eadff92c6aaf84e922812f8,Panasonic 		Lumix DMC-ZS45 (Black),USD,299.99,Panasonic,new,https://schema.org/OutOfStock,,,,,,,,,
robertscamera-4fd8ccec4d2946d2107c9c176df87621,FujiFilm 		X-T10 with 18-55mm,USD,699,FujiFilm,new,https://schema.org/OutOfStock,,,,,,,,,
robertscamera-50a83e8770bb1e6e94adb8c1983ee3b2,Canon 		EOS M Digital Camera with EF-M 22mm f/2 STM,USD,599,Canon,new,https://schema.org/OutOfStock,,,,,,,,,
robertscamera-50d38765d0014d67c4c7203823c2e139,Sony 		a5100 (Body Only) (Black),USD,448,Sony,new,https://schema.org/OutOfStock,,,,,,,,,
robertscamera-5100388af05e8978bc649760bfae04ce,Olympus 		PEN E-PL5 (Body Only),USD,349.99,Olympus,new,https://schema.org/InStock,,,,,,,,,
robertscamera-51c24aa7c272a0a8da29eb50f9f7c2c7,Sony 		HDR-CX220 Handycam,USD,249.99,Sony,new,https://schema.org/OutOfStock,,,,,,,,,
robertscamera-5281db2c64f8163b892262ae2fbbb7a0,Panasonic 		DMC-ZS30 WiFi Enabled Compact Long Zoom Camera,USD,399.99,Panasonic,new,https://schema.org/OutOfStock,,,,,,,,,
robertscamera-528cf20551cad51edfedca7b5a34a2f1,Nikon 		D750 (Body Only),USD,1796.95,Nikon,new,https://schema.org/InStock,,,,,,,,,
robertscamera-542398b3b2fb83c13d6c5d8f38ce7720,Sony 		HDR-PJ760V Handycam Camcorder,USD,1599.99,Sony,new,https://schema.org/OutOfStock,,,,,,,,,
robertscamera-54744c7789df13590cd8356eb3cf86b4,Nikon 		1 AW1 with 11-27.5mm  and 10mm Lenses (Black),USD,996.95,Nikon,new,https://schema.org/OutOfStock,,,,,,,,,
robertscamera-550b7a5177f7534d56250679efc97ae4,RICOH 		Theta S Spherical 360 Degree Camera,USD,349.95,RICOH,new,https://schema.org/OutOfStock,,,,,,,,,
robertscamera-557872bc27c70edae9ead451ee809f6f,Canon 		EOS Rebel T7 with EF-S 18-55mm IS II,USD,549.99,Canon,new,https://schema.org/OutOfStock,,,,,,,,,
robertscamera-569602f9134af1a43a34b17dc90231ff,Canon 		Vixia GX10,USD,2499.99,Canon,new,https://schema.org/InStock,,,,,,,,,
robertscamera-5709dc698c73d7b1ccdd5d73f67360bb,Canon 		PowerShot G9 X,USD,529,Canon,new,https://schema.org/OutOfStock,,,,,,,,,
robertscamera-57dcd8de08100b31c92d80ddf6893f66,Sony 		Cybershot RX100 III,USD,699.99,Sony,new,https://schema.org/InStock,,,,,,,,,
robertscamera-57e009934205b51252dde6a79b5ea967,FujiFilm 		FinePix HS20EXR,USD,399.97,FujiFilm,new,https://schema.org/OutOfStock,,,,,,,,,
robertscamera-58530bcd04a82a2f3eb5516a54664a73,FujiFilm 		FinePix S8600 (Black),USD,199.95,FujiFilm,new,https://schema.org/OutOfStock,,,,,,,,,
robertscamera-589d98a329e24e720a4e5dddcb54532c,Nikon 		1 V3 with 10-30mm Lens,USD,1196.95,Nikon,new,https://schema.org/OutOfStock,,,,,,,,,
robertscamera-58dd28dc1c65e3763501900413f92b57,Olympus 		TG-870 Camera,USD,279.99,Olympus,new,https://schema.org/OutOfStock,,,,,,,,,
robertscamera-5946352bc916183613319ec22afe4510,Sony 		FDR-AX53 4K Handycam,USD,849.99,Sony,new,https://schema.org/OutOfStock,,,,,,,,,
robertscamera-5995662b372dc23e7de492b73eb2f027,Panasonic 		HC-X920K Camcorder,USD,999.99,Panasonic,new,https://schema.org/OutOfStock,,,,,,,,,
robertscamera-59c3f53bab03ce26a466a7cc358fb9c9,Nikon 		D5500 (Body Only),USD,696.95,Nikon,new,https://schema.org/OutOfStock,,,,,,,,,
robertscamera-5a6a6a1621c3910ddfe6d6e029a58cff,Hasselblad 		X1D-50c (Body Only),USD,6495,Hasselblad,new,https://schema.org/InStock,,,,,,,,,
robertscamera-5a8f01a28106d14ae1d9ea3537938d3d,FujiFilm 		X100T Digital Camera,USD,1299.95,FujiFilm,new,https://schema.org/OutOfStock,,,,,,,,,
robertscamera-5bd2164357021d3d4e3dae29a9a09115,Sony 		Cyber-shot HX400,USD,399.99,Sony,new,https://schema.org/OutOfStock,,,,,,,,,
robertscamera-5c4852f5ce65cb4c1c0010befa1af8dd,Canon 		PowerShot SX420 IS,USD,229.99,Canon,new,https://schema.org/OutOfStock,,,,,,,,,
robertscamera-5d1b784e7c20fb9d0549c907b6121776,RICOH 		Theta V,USD,429.95,RICOH,new,https://schema.org/OutOfStock,,,,,,,,,
robertscamera-5d8fb116b043e460a2f330dcedb4e475,Sony 		Handycam HDR-CX260V Camcorder,USD,499.99,Sony,new,https://schema.org/OutOfStock,,,,,,,,,
robertscamera-5e2e580a8ac81498f8d048bda9bc8714,Canon 		XC10 4K Professional Camcorder,USD,1799,Canon,new,https://schema.org/OutOfStock,,,,,,,,,
robertscamera-5e39bc194fe044e592a821b84318db6e,Nikon 		D7200 (Body Only),USD,996.95,Nikon,new,https://schema.org/OutOfStock,,,,,,,,,
robertscamera-5f28af2f40fc280cd166b1571af9939a,Panasonic 		Lumix DMC-SZ10 (Black),USD,199.99,Panasonic,new,https://schema.org/OutOfStock,,,,,,,,,
robertscamera-5fdc7a1d4f1286bed075281eee204b73,FujiFilm 		X-E2S with XF18-55mm f/2.8-4 R LM OIS,USD,999.95,FujiFilm,new,https://schema.org/OutOfStock,,,,,,,,,
robertscamera-607fb49c741e2f250c68dd06e2176fab,FujiFilm 		FinePix HS25EXR,USD,399.95,FujiFilm,new,https://schema.org/OutOfStock,,,,,,,,,
robertscamera-60a2f9f0c31c856919c00b0f2056ec35,Sony 		HDR-PJ260V Handycam Camcorder,USD,599.99,Sony,new,https://schema.org/OutOfStock,,,,,,,,,
robertscamera-60dbd6e8d0dab4b72090b10c0208f6e4,Canon 		EOS 5D Mark IV (Body Only),USD,3499,Canon,new,https://schema.org/OutOfStock,,,,,,,,,
robertscamera-618855618215a416bb97a5db96437182,Panasonic 		Lumix DMC-G7 with 14-42mm,USD,799.99,Panasonic,new,https://schema.org/OutOfStock,,,,,,,,,
robertscamera-62282d5d61624ae8910fff91d69bf792,Panasonic 		LUMIX DMC-FZ2500 Digital Camera,USD,999.99,Panasonic,new,https://schema.org/InStock,,,,,,,,,
robertscamera-62f67e9e236dd863fa5873e0f6bf8d82,Canon 		VIXIA HF G10 Camcorder,USD,1299.99,Canon,new,https://schema.org/InStock,,,,,,,,,
robertscamera-6322cfe03eff29ee33c854a48a888a0e,Sony 		HDR-PJ380 Handycam,USD,599.99,Sony,new,https://schema.org/OutOfStock,,,,,,,,,
robertscamera-64e498ce37d4802636e36ae66d0a4da7,Canon 		EOS 5D Mark IV with EF 24-105mm f/4L IS II USM,USD,4599,Canon,new,https://schema.org/InStock,,,,,,,,,
robertscamera-6970b6b9b169c1ab98820fde1b30e1fd,Sony 		HDR-CX230 Handycam,USD,279.99,Sony,new,https://schema.org/OutOfStock,,,,,,,,,
robertscamera-69fe41da5c2c096c1559dca82ebe208f,Sony 		DSC-WX220 Camera,USD,199.99,Sony,new,https://schema.org/OutOfStock,,,,,,,,,
robertscamera-6a1d17f4695cba079b590ed21286b0f2,Nikon 		1 V2 (Body Only),USD,796.95,Nikon,new,https://schema.org/OutOfStock,,,,,,,,,
robertscamera-6a7b90e3ef4755241f66f765065c0f8d,Canon 		VIXIA HF R32 Flash Memory Camcorder,USD,499.99,Canon,new,https://schema.org/OutOfStock,,,,,,,,,
robertscamera-6b59513c9670bab8b4ca90fb9425e8a6,Sony 		HDR-X3000R Action Camera with Live-View Remote,USD,549.99,Sony,new,https://schema.org/OutOfStock,,,,,,,,,
robertscamera-6c17f70b8041f080ded5ac9664d868b1,Sony 		HDR-AS300 Action Camera with Live-View Remote,USD,449.99,Sony,new,https://schema.org/OutOfStock,,,,,,,,,
robertscamera-6d47d1265da989fbf4cd81268cfe0183,Panasonic 		HC-V10K Camcorder (Black),USD,229.99,Panasonic,new,https://schema.org/OutOfStock,,,,,,,,,
robertscamera-6d526a4f6d189fabb9acef4c76c9e34f,Nikon 		Coolpix B700,USD,446.95,Nikon,new,https://schema.org/OutOfStock,,,,,,,,,
robertscamera-6d53315a723fa43729cafd24d4c59b20,Canon 		VIXIA HF M50 Camcorder,USD,599.99,Canon,new,https://schema.org/OutOfStock,,,,,,,,,
robertscamera-6db3cc21ad6c8a74b603503e407e2588,Sony 		HDR-PJ200 Full HD Handycam Camcorder,USD,419.99,Sony,new,https://schema.org/OutOfStock,,,,,,,,,
robertscamera-6e0f32569328f82748c81e26cfaae3b8,Canon 		PowerShot SX40 HS,USD,429,Canon,new,https://schema.org/OutOfStock,,,,,,,,,
robertscamera-6fffe5eba0c57e8676acc579483b6b16,Nikon 		Coolpix S810c,USD,199,Nikon,new,https://schema.org/OutOfStock,,,,,,,,,
robertscamera-70d214144e1dd830ad8c3f263baf7c36,Canon 		EOS 60Da (Body Only),USD,1499,Canon,new,https://schema.org/OutOfStock,,,,,,,,,
robertscamera-71c98fa044576a372a1363657b6bc90c,Canon 		PowerShot ELPH 190 IS,USD,159,Canon,new,https://schema.org/OutOfStock,,,,,,,,,
robertscamera-72234b1f9dc7d4abf2c70393e82cfa76,Canon 		EOS Rebel T5 with 18-55mm IS II and 75-300mm Lens and Bag,USD,749.99,Canon,new,https://schema.org/OutOfStock,,,,,,,,,
robertscamera-72404666f18787cf38f9d1fec5ae3e4a,Sony 		SPK-AS1 Action Cam Waterproof Case,USD,39.99,Sony,new,https://schema.org/OutOfStock,,,,,,,,,
robertscamera-728cfe5dfc6eff6e9bdbe2f4ddad86fc,Sony 		Alpha NEX-5R with 18-55mm Lens,USD,749.99,Sony,new,https://schema.org/OutOfStock,,,,,,,,,
robertscamera-75c9d8d529e645b98f4c037e548248c5,Sony 		DCR SX85 (Silver),USD,249.99,Sony,new,https://schema.org/OutOfStock,,,,,,,,,
robertscamera-76c34db85a8ccf3664666ae173a0cb79,FujiFilm 		XF1 Digital Camera,USD,299.95,FujiFilm,new,https://schema.org/OutOfStock,,,,,,,,,
robertscamera-78ad328685d2638f4b3b59b797c16d4c,Nikon 		D7500 with 16-80mm VR Lens,USD,1846.95,Nikon,new,https://schema.org/OutOfStock,,,,,,,,,
robertscamera-7c6b450a45e6dc0d5114fdb0bbf18ac1,RICOH 		Theta SC,USD,299.95,RICOH,new,https://schema.org/OutOfStock,,,,,,,,,
robertscamera-7ce803fd4daa56773416cc64a4c36dc3,Canon 		EOS Rebel SL2 with EF-S 18-55mm f/4-5.6 STM (Black),USD,649.99,Canon,new,https://schema.org/InStock,,,,,,,,,
robertscamera-7dfdab8a494d764561a456deb6ba5983,FujiFilm 		X-T10 (Body Only),USD,799.95,FujiFilm,new,https://schema.org/OutOfStock,,,,,,,,,
robertscamera-8022b50652815daa8cad6eeb6879f3b7,Canon 		EOS Rebel SL2 (Body Only) (Black),USD,549.99,Canon,new,https://schema.org/OutOfStock,,,,,,,,,
robertscamera-80dc35469022398a98a79638edec1c87,Canon 		XF205 HD Camcorder,USD,3999,Canon,new,https://schema.org/OutOfStock,,,,,,,,,
robertscamera-81185608fc75a5448eee6db88c9e2837,Sony 		A77 II (Body Only),USD,1198,Sony,new,https://schema.org/OutOfStock,,,,,,,,,
robertscamera-82094a04ae03d56c6b152d7ab42560ef,Sony 		HDR-TG1 HD Camcorder,USD,799.99,Sony,new,https://schema.org/InStock,,,,,,,,,
robertscamera-836af5b55ec7e7370f2c496994a12f3b,Sony 		Cyber-shot Digital Camera TX200V,USD,399,Sony,new,https://schema.org/OutOfStock,,,,,,,,,
robertscamera-8378d0d12ddba85645c2853d169f6f64,Sony 		HXRNX70U Compact AVCHD Handy-type Camcorder,USD,2799,Sony,new,https://schema.org/OutOfStock,,,,,,,,,
robertscamera-83d6df63183860d177f5d713414ee3c9,Olympus 		TG-850 Digital Camera,USD,249.99,Olympus,new,https://schema.org/OutOfStock,,,,,,,,,
robertscamera-854da4a1671f281b64b7b2be128af80d,Samsung 		GC-110 Galaxy,USD,449.99,Samsung,new,https://schema.org/OutOfStock,,,,,,,,,
robertscamera-8680d079acf06cfc17533425a0f90363,Canon 		PowerShot SX710 HS,USD,349,Canon,new,https://schema.org/OutOfStock,,,,,,,,,
robertscamera-86a78813e4a91948789a89dfe1cb7c3c,Panasonic 		DMC-GX85 with 12-32mm,USD,599.99,Panasonic,new,https://schema.org/OutOfStock,,,,,,,,,
robertscamera-86d8b59d35aa9cf23ffdc885afc43a00,Sony 		FDR-AX1 4K Handycam Camcorder,USD,4498,Sony,new,https://schema.org/OutOfStock,,,,,,,,,
robertscamera-86f11f156f3514be3186c71b9063a0bb,Soloshot 		SOLOSHOT3 and Optic65 Camera Bundle,USD,899.99,Soloshot,new,https://schema.org/InStock,,,,,,,,,
robertscamera-878b3b8a58dbe7c7e9f001e1c9fd0cb6,Canon 		EOS M Digital Camera (Black) with EF-M 18-55mm f/3.5-5.6 STM,USD,649,Canon,new,https://schema.org/OutOfStock,,,,,,,,,
robertscamera-88454953972fd815351dc5b6d305a6cb,Nikon 		D5300 with 18-55mm f/3.5-5.6G VR II,USD,696.95,Nikon,new,https://schema.org/OutOfStock,,,,,,,,,
robertscamera-88b118dfc7dd762e4be872a4eceac77b,Leica 		V-LUX [Typ 114] Digital Camera,USD,1195,Leica,new,https://schema.org/OutOfStock,,,,,,,,,
robertscamera-890ac066f0784ddb17780471da6652ee,Panasonic 		Lumix DMC-ZS100,USD,549.99,Panasonic,new,https://schema.org/InStock,,,,,,,,,
robertscamera-8952222336bc24a787204a515da6c7f1,Samsung 		WB2200F Smart Camera,USD,449.99,Samsung,new,https://schema.org/InStock,,,,,,,,,
robertscamera-8a31f3ce2acc845cede554fa9c0602be,Nikon 		1 J5 with 10-100mm,USD,1046.95,Nikon,new,https://schema.org/OutOfStock,,,,,,,,,
robertscamera-8a67fc467d804cfe4cf5e6505245711c,Panasonic 		Lumix DMC-GH4 (Body Only),USD,999.99,Panasonic,new,https://schema.org/OutOfStock,,,,,,,,,
robertscamera-8b904b1f7885ec7cd84a6f42d3b65c17,Sony 		HDR-PJ580V Handycam Camcorder,USD,899.99,Sony,new,https://schema.org/OutOfStock,,,,,,,,,
robertscamera-8c0a772c66fb66ba9f29e2d8e19fa51b,Panasonic 		Lumix DMC-GH3 (Body Only),USD,899.99,Panasonic,new,https://schema.org/OutOfStock,,,,,,,,,
robertscamera-8c191568605467375cdf38a4175bc454,Canon 		PowerShot ELPH 180,USD,119.99,Canon,new,https://schema.org/OutOfStock,,,,,,,,,
robertscamera-8c316a601b18632749a2aeeebd968e1b,Canon 		EOS 6D Mark II with EF 24-105mm f/4L IS II USM,USD,3099,Canon,new,https://schema.org/InStock,,,,,,,,,
robertscamera-8c6979d10a50d3aa68f73d4d1712eaa8,Nikon 		D850 Filmmaker’s Kit,USD,5496.95,Nikon,new,https://schema.org/OutOfStock,,,,,,,,,
robertscamera-8cca5c7940d32c04f9d691ec17f9b7a1,Sony 		PXWFS7 4K XDCAM Super 35mm Camcorder (Sony E),USD,7999,Sony,new,https://schema.org/OutOfStock,,,,,,,,,
robertscamera-8ce9d6d6f05b455c15849e05919694c9,Panasonic 		Lumix DMC-FT5,USD,299.99,Panasonic,new,https://schema.org/OutOfStock,,,,,,,,,
robertscamera-8d6f13903c2f7329b2d0324ab14ed16b,Canon 		Vixia HF R700,USD,299.99,Canon,new,https://schema.org/OutOfStock,,,,,,,,,
robertscamera-8f269790e4452769c1eaba5b53f4b92c,Nikon 		D7200 Dual Zoom Lens Kit,USD,1196.95,Nikon,new,https://schema.org/OutOfStock,,,,,,,,,
robertscamera-8f92cbc7219ac2799c1e70243a3241c7,"Canon 		EOS Rebel T6i Video Creator Kit with with 18-55mm, Rode Microphone, and Memory Card",USD,749.99,Canon,new,https://schema.org/OutOfStock,,,,,,,,,
robertscamera-8faf3c152377bda0e1d2590eb51542c0,Nikon 		Coolpix S3700,USD,136.95,Nikon,new,https://schema.org/OutOfStock,,,,,,,,,
robertscamera-902393265aa4f0b81010606869e12883,Sony 		Alpha NEX-3 with 16mm f/2.8 (Silver),USD,549.99,Sony,new,https://schema.org/OutOfStock,,,,,,,,,
robertscamera-905451e5bb631a11b76f43e8fae34f63,Canon 		EOS 5D Mark III with EF 24-105mm f/4L IS USM,USD,2599,Canon,new,https://schema.org/OutOfStock,,,,,,,,,
robertscamera-90eacf9b73a425166272797ca0e8fdb1,Nikon 		D7100 Dual Lens Wi-Fi Camera Kit,USD,1296.95,Nikon,new,https://schema.org/OutOfStock,,,,,,,,,
robertscamera-90f461c2d8c87ecea8b1a08118447c83,"Canon 		EOS 70D Video Creator Kit with 18-135mm, Rode Microphone, and Memory Card",USD,1649,Canon,new,https://schema.org/OutOfStock,,,,,,,,,
robertscamera-90fc8a4195ed11aab437a05938892748,Canon 		EOS 80D with 18-135mm Video Creator Kit,USD,2049,Canon,new,https://schema.org/OutOfStock,,,,,,,,,
robertscamera-918df1af2c3a8793fcc82da79d8d37af,Panasonic 		Lumix DMC-GX7 with 14-42mm Lens,USD,799.99,Panasonic,new,https://schema.org/InStock,,,,,,,,,
robertscamera-921627d4d9edbbe02fde2dc0ca2367a4,Canon 		EOS 6D Mark II with EF 24-105mm f/3.5-5.6 IS STM,USD,2599,Canon,new,https://schema.org/OutOfStock,,,,,,,,,
robertscamera-92b27ac6f243a8d704d8d7b42838e227,FujiFilm 		X-T1 with 18-55mm Lens (Black),USD,1699.95,FujiFilm,new,https://schema.org/OutOfStock,,,,,,,,,
robertscamera-92e4f9a93c2157383da15a2bca950649,Sony 		HDR-CX405 Camcorder,USD,179.99,Sony,new,https://schema.org/OutOfStock,,,,,,,,,
robertscamera-93369508d3a118eb806943f3fb016bfa,Nikon 		D3400 Triple Lens Parent's Camera Kit (Red),USD,796.95,Nikon,new,https://schema.org/OutOfStock,,,,,,,,,
robertscamera-93630c701ef1092c36b973effbfb4a48,Sony 		HDR-AS30V Action Cam with GPS,USD,249.99,Sony,new,https://schema.org/OutOfStock,,,,,,,,,
robertscamera-93f9c42fad845784e49dc4dd6dbf9859,Olympus 		Tough TG-Tracker,USD,299.99,Olympus,new,https://schema.org/InStock,,,,,,,,,
robertscamera-94f355b75c7abcf208368a487a514ff3,Sony 		Alpha NEX-5N with 18-55mm Lens,USD,699.99,Sony,new,https://schema.org/OutOfStock,,,,,,,,,
robertscamera-95bb1048bd28f4c774d36331b3767d02,Canon 		XF305 HD Camcorder,USD,4999,Canon,new,https://schema.org/OutOfStock,,,,,,,,,
robertscamera-95ea3da9f1737abe03c008516198f8b0,Sony 		PXW-FS7K 4K XDCAM Super 35mm Cam with Lens,USD,12599,Sony,new,https://schema.org/OutOfStock,,,,,,,,,
robertscamera-989951c6fef7a6a633c6de8c8304a84f,Canon 		PowerShot G5 X,USD,799,Canon,new,https://schema.org/OutOfStock,,,,,,,,,
robertscamera-9a9b957eeb04521af12fe6103fe983fb,Canon 		XF405 HD Camcorder,USD,3499,Canon,new,https://schema.org/OutOfStock,,,,,,,,,
robertscamera-9aad914a48be1fffc3131ac0ce7b8596,Olympus 		OM-D E-M10 Mark II  with 14-42mm II R,USD,549.99,Olympus,new,https://schema.org/InStock,,,,,,,,,
robertscamera-9ad91e516ef0e6742a8cb8aedd81778d,Sony 		HXR-MC2500 High Definition Shoulder Camcorder,USD,1599,Sony,new,https://schema.org/OutOfStock,,,,,,,,,
robertscamera-9b4a37bbdc5e7f8c27469df255431f44,Nikon 		D610 with 24-85mm VR,USD,1996.95,Nikon,new,https://schema.org/OutOfStock,,,,,,,,,
robertscamera-9c68c53421de6264031505e7b381f632,Nikon 		D7000 with 18-200mm DX VR Lens,USD,1599,Nikon,new,https://schema.org/InStock,,,,,,,,,
robertscamera-9c90e7b985a97f363f55a7ad41b302ce,Samsung 		WB150F Digital Camera,USD,229.99,Samsung,new,https://schema.org/OutOfStock,,,,,,,,,
robertscamera-9d17da2df96a14b1953a76bafe511923,Olympus 		PEN-F (Body Only),USD,1099.99,Olympus,new,https://schema.org/InStock,,,,,,,,,
robertscamera-9dccdeae489285d3d9d3d75e71ba1b18,Olympus 		OM-D E-M5 with 12-50mm Lens,USD,699.99,Olympus,new,https://schema.org/OutOfStock,,,,,,,,,
robertscamera-9e725ad80feedf09d457e180938cb9d7,Sony 		HDR-XR260V Camcorder,USD,699.99,Sony,new,https://schema.org/OutOfStock,,,,,,,,,
robertscamera-a13d684f13b3a258b34be9cc3101f252,Panasonic 		Lumix DMC-FZ300,USD,499.99,Panasonic,new,https://schema.org/OutOfStock,,,,,,,,,
robertscamera-a1debab4ec9ffedbeaa1e9eb85ef585d,Canon 		PowerShot G3 X,USD,999.99,Canon,new,https://schema.org/OutOfStock,,,,,,,,,
robertscamera-a242ac02ea25fa2f272824959e724464,Sony 		Alpha NEX-3N with 16-50mm Lens,USD,499.97,Sony,new,https://schema.org/OutOfStock,,,,,,,,,
robertscamera-a27c724005a9ceb3516e105ec5be27ca,Sony 		a68 (Body Only),USD,599.99,Sony,new,https://schema.org/OutOfStock,,,,,,,,,
robertscamera-a3bd350716fad6634a79b297aba190e7,Nikon 		Df with 50mm f/1.8,USD,2996.95,Nikon,new,https://schema.org/OutOfStock,,,,,,,,,
robertscamera-a431ebbf46faab476ea0c6126d97e4b2,Sony 		HDR-CX240 Handycam Camcorder,USD,229.99,Sony,new,https://schema.org/OutOfStock,,,,,,,,,
robertscamera-a54f168fab104fc18bc44def09920636,Panasonic 		Lumix DMC-GM5 with 12-32mm,USD,899.99,Panasonic,new,https://schema.org/InStock,,,,,,,,,
robertscamera-a63b6c8a0a911f102a8ec207fa1c3dca,Canon 		Vixia HF R62,USD,449,Canon,new,https://schema.org/OutOfStock,,,,,,,,,
robertscamera-a651c6636aae52c54b3004b7df98d272,Canon 		PowerShot SX720 HS,USD,299.99,Canon,new,https://schema.org/OutOfStock,,,,,,,,,
robertscamera-a6bc71c1f9b6764e8f40b163372e1c2c,Sony 		AS100 POV Action Cam + Live View Remote,USD,399.99,Sony,new,https://schema.org/InStock,,,,,,,,,
robertscamera-a7d415fb7a77d00c938b20afecc61616,Canon 		XF300 HD Camcorder,USD,3999,Canon,new,https://schema.org/OutOfStock,,,,,,,,,
robertscamera-a7f981abd2a9ebdf8c64dec034cd7ada,Panasonic 		HC-V500MK Camcorder,USD,449.99,Panasonic,new,https://schema.org/OutOfStock,,,,,,,,,
robertscamera-a9694d2a88e7249ad528b8b5e7ebadc2,FujiFilm 		X-T1 IR (Body Only),USD,0,FujiFilm,new,https://schema.org/InStock,,,,,,,,,
robertscamera-a98e741e9510e7e303814c87c21271d8,Sony 		HDR-PJ440 Camcorder with Built-in Projector,USD,399.99,Sony,new,https://schema.org/OutOfStock,,,,,,,,,
robertscamera-ad1e1006a7d0ffb7ba0055940654bbe0,Nikon 		D500 with 16-80mm VR Lens Kit,USD,2496.95,Nikon,new,https://schema.org/InStock,,,,,,,,,
robertscamera-ad83aaf101f86e6864ea592aba14a8ef,Canon 		EOS-1D X Mark II (Body Only) Premium Kit,USD,6299,Canon,new,https://schema.org/OutOfStock,,,,,,,,,
robertscamera-add9add1173c01d588bf9d167530a6aa,Nikon 		D7500 (Body Only),USD,1246.95,Nikon,new,https://schema.org/InStock,,,,,,,,,
robertscamera-b1121d2914ccfd30f81ea1470b354ee5,Nikon 		D500 (Body Only),USD,1896.95,Nikon,new,https://schema.org/InStock,,,,,,,,,
robertscamera-b12e5b2a20fa3283a4f6564d9913b287,Blackmagic Design 		Studio Camera 4K,USD,2495,Blackmagic Design,new,https://schema.org/OutOfStock,,,,,,,,,
robertscamera-b1416be76b6fad21705685808ef2f2d2,Sony 		Cybershot RX100,USD,449.99,Sony,new,https://schema.org/OutOfStock,,,,,,,,,
robertscamera-b20e9f6bf54d575a1efd21c2d3aee116,Soloshot 		SOLOSHOT3 Base and OPTIC25 Bundle,USD,699.99,Soloshot,new,https://schema.org/InStock,,,,,,,,,
robertscamera-b24efe4110fcaeb7a834b7336e766c34,WASPcam 		9907 4K Action Camera,USD,329.99,WASPcam,new,https://schema.org/OutOfStock,,,,,,,,,
robertscamera-b28d0a149804ac5f9cafeb83dcb18aa6,Canon 		PowerShot SX520 HS,USD,329,Canon,new,https://schema.org/OutOfStock,,,,,,,,,
robertscamera-b323d5f805d39341ae505455e41dbf13,Canon 		Vixia HF R72,USD,449.99,Canon,new,https://schema.org/OutOfStock,,,,,,,,,
robertscamera-b34b95f94ce9f53478e11c04250fca16,Nikon 		Coolpix AW120 (Orange),USD,239.97,Nikon,new,https://schema.org/OutOfStock,,,,,,,,,
robertscamera-b4ce1bf815b9210c52eab542085d3c05,Blackmagic Design 		URSA 4.6K EF,USD,4995,Blackmagic Design,new,https://schema.org/OutOfStock,,,,,,,,,
robertscamera-b4fc44fc83c3f239a4d562cd214b5378,Sony 		SLT-A58 with 18-55mm Lens,USD,598,Sony,new,https://schema.org/OutOfStock,,,,,,,,,
robertscamera-b557943134d03fc9cdc446c5dde9e97e,Canon 		EOS 80D with 18-55mm,USD,1349,Canon,new,https://schema.org/InStock,,,,,,,,,
robertscamera-b58c418d2ad3dd5d8de155856b1e344c,Canon 		XF400 HD Camcorder,USD,2999,Canon,new,https://schema.org/OutOfStock,,,,,,,,,
robertscamera-b5c565849274cdbb7040c4484551d985,Sony 		a6000 with 16-50mm Lens,USD,599.99,Sony,new,https://schema.org/OutOfStock,,,,,,,,,
robertscamera-b74ba7bbefc71ee2f150926250aef905,Panasonic 		HS900K 3MOS HD Camcorder,USD,1399.99,Panasonic,new,https://schema.org/OutOfStock,,,,,,,,,
robertscamera-b7740e6a87d09e5ce72f5f253fc63e16,Nikon 		D610 (Body Only),USD,1496.95,Nikon,new,https://schema.org/OutOfStock,,,,,,,,,
robertscamera-b821b1608e85aa7a125455e504b2a181,Sony 		HDR-PJ710V Handycam Camcorder,USD,1299.99,Sony,new,https://schema.org/OutOfStock,,,,,,,,,
robertscamera-b8a1838b9f71772ccb6ca67bf3960588,Sony 		HDR-PJ230 Handycam,USD,399.99,Sony,new,https://schema.org/OutOfStock,,,,,,,,,
robertscamera-b97804b274b60d07574cd218a5cb5a57,Blackmagic Design 		Micro Cinema Camera,USD,995,Blackmagic Design,new,https://schema.org/OutOfStock,,,,,,,,,
robertscamera-b996e18cf854d5390bae425578e4146f,Canon 		EOS 5D Mark IV with EF 24-70mm f/4L IS USM,USD,4399,Canon,new,https://schema.org/InStock,,,,,,,,,
robertscamera-ba3add6ab99125bb162bb2748d57b342,Sony 		HDR-CX190 HandyCam Camcorder,USD,279.99,Sony,new,https://schema.org/OutOfStock,,,,,,,,,
robertscamera-bc0387a72c8f3f126673baf6d7151a04,Nikon 		D610 with 24-85mm and 70-300mm VR,USD,2496.95,Nikon,new,https://schema.org/OutOfStock,,,,,,,,,
robertscamera-bc2dcd619789a041b8e7310257bf2af5,Blackmagic Design 		Cinema Camera EF,USD,1995,Blackmagic Design,new,https://schema.org/OutOfStock,,,,,,,,,
robertscamera-bc532f926ba7b7a9b1df165d267149f1,Olympus 		TG-4 Digital Camera,USD,379.99,Olympus,new,https://schema.org/OutOfStock,,,,,,,,,
robertscamera-bc8b5df9a5b3c69277724911efc3bc5e,Sony 		HXRNX3D1U NXCAM 3D/ 2D WorldCam (PAL/NTSC) Compact Camcorder,USD,2999,Sony,new,https://schema.org/OutOfStock,,,,,,,,,
robertscamera-bcc63f1d3a56cf0f9746329db0f8a1f7,Olympus 		Stylus Tough TG-860,USD,279.99,Olympus,new,https://schema.org/InStock,,,,,,,,,
robertscamera-bd0d82a72e50c50d65b7c5754b7679ae,Canon 		EOS M10 with EF-M 15-45mm IS STM Kit,USD,599,Canon,new,https://schema.org/OutOfStock,,,,,,,,,
robertscamera-bdeaf7a2dc81015e3e29829fa407d3ef,Canon 		PowerShot G1 X,USD,649,Canon,new,https://schema.org/OutOfStock,,,,,,,,,
robertscamera-be6fdf569cb94b94c0653cc7b443698f,Nikon 		Df (Body Only),USD,2746.95,Nikon,new,https://schema.org/OutOfStock,,,,,,,,,
robertscamera-bed1d23c024e9bb7d4970bb990ae5d7a,Sony 		a5100 with 16-50mm,USD,548,Sony,new,https://schema.org/OutOfStock,,,,,,,,,
robertscamera-c01214af889a98a0aca4bd014028b40a,Sony 		HVRZ7U HDV Camcorder with Memory Recording Unit,USD,6850,Sony,new,https://schema.org/OutOfStock,,,,,,,,,
robertscamera-c0ddc1f70859afdb87162a3b024794d2,Nikon 		1 AW1 with 11-27.5mm Lens,USD,796.95,Nikon,new,https://schema.org/OutOfStock,,,,,,,,,
robertscamera-c14526a70a6f27c0c1478db1541e020e,Nikon 		Coolpix P530,USD,279.95,Nikon,new,https://schema.org/OutOfStock,,,,,,,,,
robertscamera-c23dca922e292835096220277f3b49f4,FujiFilm 		X-E2 with 18-55mm Lens,USD,1099.95,FujiFilm,new,https://schema.org/OutOfStock,,,,,,,,,
robertscamera-c24141d141456a1f0b4c5648d30152ed,FujiFilm 		FinePix HS30EXR,USD,499.95,FujiFilm,new,https://schema.org/OutOfStock,,,,,,,,,
robertscamera-c27df7194305ace9180a31d3a14c85fa,Canon 		EOS Rebel T6s (Body Only),USD,849,Canon,new,https://schema.org/OutOfStock,,,,,,,,,
robertscamera-c2a722fc96da843ed2ec6c0baa79d00d,Blackmagic Design 		Studio Camera HD,USD,1695,Blackmagic Design,new,https://schema.org/OutOfStock,,,,,,,,,
robertscamera-c32128fe0b15ac908d3412104a6e919d,Sony 		A37 with 18-55mm f/3.5-5.6 Lens,USD,599.99,Sony,new,https://schema.org/OutOfStock,,,,,,,,,
robertscamera-c34814693fe8d661773a20404ce977b8,Canon 		VIXIA HF G21 Camcorder,USD,999,Canon,new,https://schema.org/InStock,,,,,,,,,
robertscamera-c381601413c8c3ca63b47001a7ca9bd5,Nikon 		KeyMission 80,USD,276.95,Nikon,new,https://schema.org/OutOfStock,,,,,,,,,
robertscamera-c3b0ca5f77ea04dec9f6fdf3318d059a,Sony 		NEX-VG900 Full-Frame Interchangeable Lens Camcorder (Body Only),USD,3299.99,Sony,new,https://schema.org/OutOfStock,,,,,,,,,
robertscamera-c3cdc0350812f7f6ad724ec3b5e19068,Canon 		EOS Rebel T5i (Body Only),USD,649,Canon,new,https://schema.org/InStock,,,,,,,,,
robertscamera-c4058415d05b74e9320c95dab36093a7,Sony 		Alpha SLT-A35 with 18-55mm Lens,USD,699.99,Sony,new,https://schema.org/OutOfStock,,,,,,,,,
robertscamera-c4699ad3e4fb3a81c8ce499ec64a43eb,Canon 		PowerShot SX530 HS,USD,279.99,Canon,new,https://schema.org/OutOfStock,,,,,,,,,
robertscamera-c47700f8326a0c1aefc269b9df6b6045,Sony 		a5000 with 16-50mm Power Zoom Lens,USD,448,Sony,new,https://schema.org/OutOfStock,,,,,,,,,
robertscamera-c4e40146fc531adaf5cc01222db3d896,FujiFilm 		X-T1 with 18-135mm Lens (Black),USD,1899.95,FujiFilm,new,https://schema.org/InStock,,,,,,,,,
robertscamera-c7908a371429c8b925a3e770286a5cc2,Sony 		a99 II (Body Only),USD,3199.99,Sony,new,https://schema.org/OutOfStock,,,,,,,,,
robertscamera-c792ace0b7de5e0ae3420a49456bc236,Nikon 		D3300 with 18-55mm VR Lens,USD,396.95,Nikon,new,https://schema.org/OutOfStock,,,,,,,,,
robertscamera-c7fb0c7106fbd0c2d7b70c7890977a9f,Nikon 		D810 Filmmaker's Kit,USD,4906.95,Nikon,new,https://schema.org/OutOfStock,,,,,,,,,
robertscamera-cb66ca52a0dfd07d1e637171b3f62208,Sony 		Alpha SLT-A37 with 18-135mm Lens,USD,799.99,Sony,new,https://schema.org/OutOfStock,,,,,,,,,
robertscamera-cb708ddba8fddd4ed1f893bbfe14554a,Sony 		a6500 (Body Only),USD,1399.99,Sony,new,https://schema.org/InStock,,,,,,,,,
robertscamera-cd31f1a9198cd4cd27b99bb6d5d8315a,Sony 		HDR-TD20V Full HD 3D Handycam Camcorder,USD,1499.99,Sony,new,https://schema.org/OutOfStock,,,,,,,,,
robertscamera-cd4a0f412613d652f856d24ec22773f2,Sony 		Handycam HDR-PJ790V,USD,1599.99,Sony,new,https://schema.org/OutOfStock,,,,,,,,,
robertscamera-cd4e6644e18cf298cb97926c382fe78d,Nikon 		Coolpix S33,USD,146.95,Nikon,new,https://schema.org/OutOfStock,,,,,,,,,
robertscamera-ce4423a53fa5568806f40a3fd1f53a15,Sony 		Cyber-shot DSC-RX10 II,USD,1199.99,Sony,new,https://schema.org/OutOfStock,,,,,,,,,
robertscamera-ce65b97e192a24dfee8545b976797b0a,FujiFilm 		FinePix S4000,USD,249.97,FujiFilm,new,https://schema.org/OutOfStock,,,,,,,,,
robertscamera-cecb2d1fc9eb5d042fa0566b60ee140e,Sony 		A57K with 18-55mm,USD,799.99,Sony,new,https://schema.org/OutOfStock,,,,,,,,,
robertscamera-cf64df035cf14b4d8c87092afdbaa839,Canon 		PowerShot ELPH 360 HS,USD,209.99,Canon,new,https://schema.org/OutOfStock,,,,,,,,,
robertscamera-cf6f327a433c6ae6b1da93e0d3e40bf5,Panasonic 		Lumix DMC-ZS60,USD,449.99,Panasonic,new,https://schema.org/OutOfStock,,,,,,,,,
robertscamera-d0d2e6acef3a23ce250574e186c37ed6,Panasonic 		HX-A500 Point-of-View Wearable 4K Camcorder,USD,399.99,Panasonic,new,https://schema.org/OutOfStock,,,,,,,,,
robertscamera-d0f1db4e8604f9077bfa2c0c1e335438,Canon 		EOS 6D with EF 24-105mm f/3.5-5.6 IS STM,USD,2099,Canon,new,https://schema.org/InStock,,,,,,,,,
robertscamera-d15717d6da96f1da69aa5aabba0fa6b5,Olympus 		TG-820 iHS,USD,249.99,Olympus,new,https://schema.org/OutOfStock,,,,,,,,,
robertscamera-d173ad39cf3a745c3fb4204db38a0da8,Panasonic 		Lumix DMC-FZ1000,USD,599.99,Panasonic,new,https://schema.org/OutOfStock,,,,,,,,,
robertscamera-d1bf82986c1d27a19e44e8261e67779b,Sony 		HDR-AZ1 POV HD Camcorder,USD,249.99,Sony,new,https://schema.org/OutOfStock,,,,,,,,,
robertscamera-d2c69f966b019902277e21676c79cbff,Canon 		EOS-1D X Mark II (Body Only),USD,5999,Canon,new,https://schema.org/OutOfStock,,,,,,,,,
robertscamera-d329e90d59f9778342834526af634e47,Olympus 		OM-D E-M10 Mark II (Body Only),USD,499.99,Olympus,new,https://schema.org/InStock,,,,,,,,,
robertscamera-d35eb08dc36a3909f2304aaa9c45126d,Canon 		XA30 Professional Camcorder,USD,1599,Canon,new,https://schema.org/OutOfStock,,,,,,,,,
robertscamera-d416502ba0a04723c8aaf08a60ae5649,Panasonic 		HC-X1000 Camcorder,USD,2499.99,Panasonic,new,https://schema.org/OutOfStock,,,,,,,,,
robertscamera-d6080a3973dfcf055cf0f2b4634162cd,Nikon 		Coolpix AW130,USD,346.95,Nikon,new,https://schema.org/OutOfStock,,,,,,,,,
robertscamera-d68f0f7cbde0ca2bc689988905fffb7e,Canon 		EOS Rebel T6s with 18-135mm STM Lens,USD,1199,Canon,new,https://schema.org/OutOfStock,,,,,,,,,
robertscamera-d86ac875c8f68535dde2926158c53af9,Olympus 		OM-D E-M5 Mark II (Body Only),USD,899.99,Olympus,new,https://schema.org/InStock,,,,,,,,,
robertscamera-d8f8d69a2d937754184ae8924ae1677a,Sony 		a7S (Body Only),USD,1999.99,Sony,new,https://schema.org/OutOfStock,,,,,,,,,
robertscamera-d96c043da1d4db8065e6f0348be1edd4,Sony 		A99 Body Bundle with Flash and Grip,USD,2799.99,Sony,new,https://schema.org/OutOfStock,,,,,,,,,
robertscamera-d9e44db0669d675f34bdf510c4c03a90,Sony 		a6000 with 16-50mm and 55-210mm (Black),USD,749.99,Sony,new,https://schema.org/InStock,,,,,,,,,
robertscamera-da03cbabf7ccd58cf2d479483686b972,Delkin Devices 		WingmanHD 3oz. Waterproof Action Camera,USD,229.97,Delkin Devices,new,https://schema.org/OutOfStock,,,,,,,,,
robertscamera-da3fef937e665a3ce3d9b1cd729e1843,Olympus 		OM-D E-M1 (Body Only),USD,1099.99,Olympus,new,https://schema.org/InStock,,,,,,,,,
robertscamera-da8737b59530685dc52dfe87e7f98c20,Nikon 		KeyMission 360,USD,496.95,Nikon,new,https://schema.org/InStock,,,,,,,,,
robertscamera-da8ee665b474534aeb3d389147ffa4a0,Canon 		PowerShot G1 X Mark II,USD,799,Canon,new,https://schema.org/InStock,,,,,,,,,
robertscamera-dacdccd3aa0e500bd24830271bb40c5d,Panasonic 		Lumix DMC-TS30,USD,139.99,Panasonic,new,https://schema.org/InStock,,,,,,,,,
robertscamera-db0cdc2ba785ac04d17532ed5497cefb,Sony 		Cyber-shot RX100 IV,USD,899.99,Sony,new,https://schema.org/InStock,,,,,,,,,
robertscamera-db572c73744d82e32c5ff47b97cee030,Canon 		XF100 Camcorder,USD,2499,Canon,new,https://schema.org/OutOfStock,,,,,,,,,
robertscamera-dbcb0426ad21b94a1bd6b67c25203181,Pentax 		K-1 (Body Only),USD,1949.95,Pentax,new,https://schema.org/OutOfStock,,,,,,,,,
robertscamera-dbe62d3b5862198fe24cd1e1263f502d,Panasonic 		HC-VX981K 4K Ultra HD Camcorder,USD,799.99,Panasonic,new,https://schema.org/OutOfStock,,,,,,,,,
robertscamera-dc10b9787088a810fc33667a324cd8d9,Canon 		Vixia HF G40,USD,1099.99,Canon,new,https://schema.org/OutOfStock,,,,,,,,,
robertscamera-de62630147f5e188456b82ff863d44f1,Sony 		HDR-PJ275 Handycam Camcorder,USD,399.99,Sony,new,https://schema.org/OutOfStock,,,,,,,,,
robertscamera-dfb795fc06ea7fedbd0a8c4fa2265aed,Canon 		PowerShot G7 X,USD,699,Canon,new,https://schema.org/OutOfStock,,,,,,,,,
robertscamera-e02aeaf7c0f068b626b34ebb9b64b958,Nikon 		D5500 with 18-55mm VR II Lens,USD,796.95,Nikon,new,https://schema.org/OutOfStock,,,,,,,,,
robertscamera-e0d95e96489d499ec51fa667a41720f9,WASPcam 		Adventure HD 5200,USD,99.99,WASPcam,new,https://schema.org/OutOfStock,,,,,,,,,
robertscamera-e10f1520c369b26f6e4e5ecbb0274e28,Sony 		HDR-CX200 Handycam Camcorder,USD,319.99,Sony,new,https://schema.org/OutOfStock,,,,,,,,,
robertscamera-e136d19a31e733af614d255d41fe18a8,Nikon 		Coolpix L32 (Red),USD,116.95,Nikon,new,https://schema.org/OutOfStock,,,,,,,,,
robertscamera-e188a7593eec2dcae536e4727dc77e68,Sony 		A77 II with 16-50mm f/2.8,USD,1798,Sony,new,https://schema.org/OutOfStock,,,,,,,,,
robertscamera-e32ed87033585acacfb0331d92201a6a,Blackmagic Design 		URSA Mini 4K EF,USD,2995,Blackmagic Design,new,https://schema.org/InStock,,,,,,,,,
robertscamera-e4a712012909b67c5a264c1807b5ba39,Canon 		Vixia HF G20,USD,799,Canon,new,https://schema.org/OutOfStock,,,,,,,,,
robertscamera-e4ca080d517df2cb8b6c4ae45c49a16a,Sony 		a900 (Body Only),USD,2699.99,Sony,new,https://schema.org/OutOfStock,,,,,,,,,
robertscamera-e56898fb921ae7e8717bdcc3b78442ed,Canon 		EOS M3 (Body Only) (Black),USD,679,Canon,new,https://schema.org/InStock,,,,,,,,,
robertscamera-e63a45c5ab91c9243cde54f3a66b5d3d,FujiFilm 		X-Pro2 (Body Only),USD,1699.95,FujiFilm,new,https://schema.org/OutOfStock,,,,,,,,,
robertscamera-e6db041c395610aa32a59472bf7ccdfa,Nikon 		KeyMission 170,USD,396.95,Nikon,new,https://schema.org/OutOfStock,,,,,,,,,
robertscamera-e7d961febc512b51e16ef4019a42dbdb,Nikon 		Coolpix P330,USD,299.95,Nikon,new,https://schema.org/OutOfStock,,,,,,,,,
robertscamera-e83afde332b58ab951d3d0888ae85b09,Canon 		EOS Rebel T6i (Body Only),USD,649.99,Canon,new,https://schema.org/OutOfStock,,,,,,,,,
robertscamera-e9bc212b35e1e795fc61850f56f442f4,Canon 		VIXIA HF R500 Camcorder,USD,299,Canon,new,https://schema.org/OutOfStock,,,,,,,,,
robertscamera-ea2bdc4a2e3f15ab2e9fb36d77b023a4,Sony 		HDR-CX760V Handycam Camcorder,USD,1499.99,Sony,new,https://schema.org/OutOfStock,,,,,,,,,
robertscamera-eac0195a2830b4dd1e05a0e6ecf19aff,Sigma 		DP2 Quattro Compact Digital Camera,USD,899,Sigma,new,https://schema.org/OutOfStock,,,,,,,,,
robertscamera-eb3be0a87fdb87769a2274284a42f0d7,Nikon 		D810 with 24-120mm VR,USD,3296.95,Nikon,new,https://schema.org/OutOfStock,,,,,,,,,
robertscamera-eb79aaefb430595a54f9c25ba8cc6e9f,Sony 		HDR-TD30V Handycam,USD,999.99,Sony,new,https://schema.org/OutOfStock,,,,,,,,,
robertscamera-ec26bcafea88bfa9bd7dca4994d66f19,Panasonic 		LUMIX DMC-LX10 Camera,USD,549.99,Panasonic,new,https://schema.org/InStock,,,,,,,,,
robertscamera-ed898de4bb3209970f95693ccfe8a245,Sony 		RX0 Compact Waterproof Camera,USD,699.99,Sony,new,https://schema.org/InStock,,,,,,,,,
robertscamera-ede77a7805c17c236fbf71f4731a2200,Nikon 		1 J5 with 10-30mm,USD,496.95,Nikon,new,https://schema.org/OutOfStock,,,,,,,,,
robertscamera-edebb8601a0985b19fc3579d2a089de6,WASPcam 		9905 Wi-Fi Action Cam,USD,229.95,WASPcam,new,https://schema.org/OutOfStock,,,,,,,,,
robertscamera-ee3b654fd93bce72afb969194a07e0d8,Sony 		FDR-AX33 4K Camcorder,USD,749.99,Sony,new,https://schema.org/OutOfStock,,,,,,,,,
robertscamera-eea73b400f80f714a7a8d0e99f32083d,Sony 		Cyber-shot RX1R,USD,2399.99,Sony,new,https://schema.org/OutOfStock,,,,,,,,,
robertscamera-f0aedc328fb31ae085c002a758b67d81,Panasonic 		Lumix DMC-LX100 (Black),USD,599.99,Panasonic,new,https://schema.org/InStock,,,,,,,,,
robertscamera-f0e14818287fb811801f7b21f876cfb8,Canon 		EOS 5D Mark IV with Canon Log (Body Only),USD,3599,Canon,new,https://schema.org/OutOfStock,,,,,,,,,
robertscamera-f1d53fb736639246d8be29af644bfdbc,Nikon 		D5500 with 18-140mm VR Lens,USD,1196.95,Nikon,new,https://schema.org/OutOfStock,,,,,,,,,
robertscamera-f2ba98c1c06550290bf4cb4717b67b32,Samsung 		NX30 with 18-55mm Lens,USD,799.99,Samsung,new,https://schema.org/OutOfStock,,,,,,,,,
robertscamera-f3427e9fa4258c5c803927605fb8ecb4,Panasonic 		HC-X900MK HD Camcorder,USD,999.99,Panasonic,new,https://schema.org/OutOfStock,,,,,,,,,
robertscamera-f45e02a6b8b8ac9318653ff228229a35,Sony 		HDR-AS20 Compact POV Action Cam,USD,199.99,Sony,new,https://schema.org/OutOfStock,,,,,,,,,
robertscamera-f4611f48a68ae91d6deaf698dc85e292,Samsung 		Galaxy NX with 18-55mm Lens,USD,1399.99,Samsung,new,https://schema.org/OutOfStock,,,,,,,,,
robertscamera-f5189185ebbd87432fc2b79ae96271d7,Nikon 		D5300 (Body Only),USD,596.95,Nikon,new,https://schema.org/OutOfStock,,,,,,,,,
robertscamera-f5878b35007d1def9dd910e6ea23ce20,Sony 		HDR-FX7 HD Handycam Camcorder,USD,1999.99,Sony,new,https://schema.org/OutOfStock,,,,,,,,,
robertscamera-f5d22e71d8c353c9af2397dd3ffb3b96,Canon 		EOS Rebel T6i with 18-135mm STM Lens,USD,899,Canon,new,https://schema.org/OutOfStock,,,,,,,,,
robertscamera-f6f171f2816406e58c5882ce412075ac,Sony 		HDR-PJ430V Handycam,USD,849.99,Sony,new,https://schema.org/OutOfStock,,,,,,,,,
robertscamera-f74837f0a888e22f3bc28c7dca01debd,FujiFilm 		X-E2 (Body Only),USD,799.95,FujiFilm,new,https://schema.org/OutOfStock,,,,,,,,,
robertscamera-f7843c3cfdaf6b3d947ff7827e58d0fa,Sony 		a7 with 28-70mm Lens,USD,999.99,Sony,new,https://schema.org/OutOfStock,,,,,,,,,
robertscamera-f798bd0685f6c465e45775ee9f74f975,Sigma 		dp0 Quattro Compact Digital Camera,USD,899,Sigma,new,https://schema.org/OutOfStock,,,,,,,,,
robertscamera-f8202c9fe608835c3477792bfdd4249a,Sony 		AS100 POV Action Cam,USD,299.99,Sony,new,https://schema.org/InStock,,,,,,,,,
robertscamera-f89671f69b348dba3cfe3dbda3e61165,Canon 		PowerShot SX60 HS,USD,549,Canon,new,https://schema.org/OutOfStock,,,,,,,,,
robertscamera-f93650d13bb0fb59fff9b861cf4b7d52,Panasonic 		HC-V700K Camcorder,USD,499.99,Panasonic,new,https://schema.org/OutOfStock,,,,,,,,,
robertscamera-f9b961a0763e26233d9cb0212e8e828a,Sony 		HDR-AZ1 POV HD Camcorder + Live View Remote,USD,349.99,Sony,new,https://schema.org/OutOfStock,,,,,,,,,
robertscamera-faaa5799c4533c5dac14e9df97072c0b,Canon 		EOS Rebel T6 with 18-55mm and EF 75-300mm,USD,549.99,Canon,new,https://schema.org/InStock,,,,,,,,,
robertscamera-fb3ac7d6341c3c5e050d55f3881f68b0,Nikon 		Coolpix S7000,USD,276.95,Nikon,new,https://schema.org/OutOfStock,,,,,,,,,
robertscamera-fb51c834ed3d062c6b763710c52d88c3,Sony 		HDR-PJ810 Handycam Camcorder,USD,1099.99,Sony,new,https://schema.org/OutOfStock,,,,,,,,,
robertscamera-fc1f9dc4080a38031878bab36cab7c06,Sony 		Cyber-shot DSC-HX80,USD,339.99,Sony,new,https://schema.org/OutOfStock,,,,,,,,,
robertscamera-fc7c16b1147f936634460ddfaacd9916,Nikon 		D850 (Body Only),USD,0,Nikon,new,https://schema.org/InStock,,,,,,,,,
robertscamera-fcebac263f6b692f3f7ce33b5e820356,Panasonic 		LUMIX DMC-G85 with 12-60mm,USD,999.99,Panasonic,new,https://schema.org/OutOfStock,,,,,,,,,
robertscamera-fd52068aa26b998ff05b318708933d88,Sony 		a7 (Body Only),USD,799.99,Sony,new,https://schema.org/OutOfStock,,,,,,,,,
robertscamera-fd547d8ee05dc8cc6b7ed5ec36bcd6c5,Canon 		VIXIA HF R52 Camcorder,USD,449,Canon,new,https://schema.org/OutOfStock,,,,,,,,,
robertscamera-fdb727f3a3bc3b9ca389584b6b3368fe,Sony 		HXRNX5U Professional AVCHD Hand-Held camcorder,USD,3999,Sony,new,https://schema.org/OutOfStock,,,,,,,,,
robertscamera-fdcc3bd45056b5fab2c987bede72c2d5,Canon 		VIXIA HF R30 Flash Memory Camcorder,USD,399.99,Canon,new,https://schema.org/OutOfStock,,,,,,,,,
robertscamera-fe27699f04e7a87c14d4d6eddf444313,Sony 		Cyber-shot Digital Camera HX10V,USD,299.99,Sony,new,https://schema.org/OutOfStock,,,,,,,,,
robertscamera-fee1d4a1014ba1e22a2412027e657954,Sony 		a7 II (Body Only),USD,1399.99,Sony,new,https://schema.org/InStock,,,,,,,,,
robertscamera-fee22527ed77c5e1e321af0e0dfd7cec,Sony 		SLT-A57 (Body Only),USD,699.99,Sony,new,https://schema.org/OutOfStock,,,,,,,,,
robertscamera-ff2fbe1fa7bb9b524d4342da6f9a1eec,Sony 		HDR-CX440 Camcorder,USD,269.99,Sony,new,https://schema.org/OutOfStock,,,,,,,,,
robertscamera-ff48721e7c77848dd3ad4ea224ff4518,Sony 		NEX-FS700RH Camcorder,USD,7499,Sony,new,https://schema.org/OutOfStock,,,,,,,,,
robertscamera-ff9d1b8534c3f30c9d629509a03957d2,Sony 		Cyber-shot DSC-RX10 III,USD,1299.99,Sony,new,https://schema.org/InStock,,,,,,,,,
